xml_material_id,english_material_name,chinese_material_name,merged_material_count,merged_english_material_names,merged_xml_material_ids,current_xml_radio_type,review_status,needs_custom_parameters,target_sionna_material_type,relative_permittivity_epsilon_r,conductivity_s_per_m,thickness_m,scattering_coefficient_0_to_1,xpd_coefficient_0_to_1,scattering_pattern,color_rgb,parameter_reference,confidence,notes
mat-itu_concrete__src_AnotherInteriorGlow_Building,AnotherInteriorGlow_Building,建筑 + 室内发光材质 + 另一种室内发光材质,1,AnotherInteriorGlow_Building,mat-itu_concrete__src_AnotherInteriorGlow_Building,concrete,confirmed_from_source_name,no_if_itu_preset_is_accepted,concrete,,,,,,lambertian,0.450000 0.480000 0.320000,,,
mat-itu_wood__src_Birch01_Trunk_Prop,Birch01_Trunk_Prop,道具/小物件 + 树干,1,Birch01_Trunk_Prop,mat-itu_wood__src_Birch01_Trunk_Prop,wood,confirmed_from_source_name,no_if_itu_preset_is_accepted,wood,,,,,,lambertian,0.360000 0.230000 0.120000,,,
mat-itu_brick__src_Brick1_rrx_Ground,Brick1_rrx_Ground,地面 + 砖,1,Brick1_rrx_Ground,mat-itu_brick__src_Brick1_rrx_Ground,brick,confirmed_from_source_name,no_if_itu_preset_is_accepted,brick,,,,,,lambertian,0.500000 0.170000 0.100000,,,
mat-itu_brick__src_Bricks1_Building,Bricks1_Building,建筑 + 砖,1,Bricks1_Building,mat-itu_brick__src_Bricks1_Building,brick,confirmed_from_source_name,no_if_itu_preset_is_accepted,brick,,,,,,lambertian,0.500000 0.170000 0.100000,,,
mat-itu_brick__src_Bricks20_Building,Bricks20_Building,建筑 + 砖,1,Bricks20_Building,mat-itu_brick__src_Bricks20_Building,brick,confirmed_from_source_name,no_if_itu_preset_is_accepted,brick,,,,,,lambertian,0.500000 0.170000 0.100000,,,
mat-itu_brick__src_Bricks7_Building,Bricks7_Building,建筑 + 砖,1,Bricks7_Building,mat-itu_brick__src_Bricks7_Building,brick,confirmed_from_source_name,no_if_itu_preset_is_accepted,brick,,,,,,lambertian,0.500000 0.170000 0.100000,,,
mat-itu_brick__src_Bricks8_Building,Bricks8_Building,建筑 + 砖,1,Bricks8_Building,mat-itu_brick__src_Bricks8_Building,brick,confirmed_from_source_name,no_if_itu_preset_is_accepted,brick,,,,,,lambertian,0.500000 0.170000 0.100000,,,
mat-itu_brick__src_Bricks_Building,Bricks_Building,建筑 + 砖,5,Bricks_Building;Bricks_Building_1;Bricks_Building_2;Bricks_Building_3;Bricks_Building_4,mat-itu_brick__src_Bricks_Building;mat-itu_brick__src_Bricks_Building_1;mat-itu_brick__src_Bricks_Building_2;mat-itu_brick__src_Bricks_Building_3;mat-itu_brick__src_Bricks_Building_4,brick,confirmed_from_source_name,no_if_itu_preset_is_accepted,brick,,,,,,lambertian,0.500000 0.170000 0.100000,,,
mat-itu_brick__src_Bricks_Prop,Bricks_Prop,道具/小物件 + 砖,1,Bricks_Prop,mat-itu_brick__src_Bricks_Prop,brick,confirmed_from_source_name,no_if_itu_preset_is_accepted,brick,,,,,,lambertian,0.500000 0.170000 0.100000,,,
mat-itu_brick__src_Bricks_Tan1_Building,Bricks_Tan1_Building,建筑 + 棕褐砖 + 砖,1,Bricks_Tan1_Building,mat-itu_brick__src_Bricks_Tan1_Building,brick,confirmed_from_source_name,no_if_itu_preset_is_accepted,brick,,,,,,lambertian,0.620000 0.480000 0.340000,,,
mat-itu_brick__src_Bricks_Tan2_Building,Bricks_Tan2_Building,建筑 + 棕褐砖 + 砖,1,Bricks_Tan2_Building,mat-itu_brick__src_Bricks_Tan2_Building,brick,confirmed_from_source_name,no_if_itu_preset_is_accepted,brick,,,,,,lambertian,0.620000 0.480000 0.340000,,,
mat-itu_brick__src_Bricks_Tan_Building,Bricks_Tan_Building,建筑 + 棕褐砖 + 砖,1,Bricks_Tan_Building,mat-itu_brick__src_Bricks_Tan_Building,brick,confirmed_from_source_name,no_if_itu_preset_is_accepted,brick,,,,,,lambertian,0.620000 0.480000 0.340000,,,
mat-itu_brick__src_Bricks_White1_Building,Bricks_White1_Building,建筑 + 白砖 + 砖,1,Bricks_White1_Building,mat-itu_brick__src_Bricks_White1_Building,brick,confirmed_from_source_name,no_if_itu_preset_is_accepted,brick,,,,,,lambertian,0.760000 0.720000 0.640000,,,
mat-itu_brick__src_Bricks_White2_Building,Bricks_White2_Building,建筑 + 白砖 + 砖,2,Bricks_White2_Building;Bricks_White2_Building_1,mat-itu_brick__src_Bricks_White2_Building;mat-itu_brick__src_Bricks_White2_Building_1,brick,confirmed_from_source_name,no_if_itu_preset_is_accepted,brick,,,,,,lambertian,0.760000 0.720000 0.640000,,,
mat-itu_brick__src_Bricks_White_Building,Bricks_White_Building,建筑 + 白砖 + 砖,1,Bricks_White_Building,mat-itu_brick__src_Bricks_White_Building,brick,confirmed_from_source_name,no_if_itu_preset_is_accepted,brick,,,,,,lambertian,0.760000 0.720000 0.640000,,,
mat-itu_concrete__src_Cement_Prop,Cement_Prop,道具/小物件 + 水泥,1,Cement_Prop,mat-itu_concrete__src_Cement_Prop,concrete,confirmed_from_source_name,no_if_itu_preset_is_accepted,concrete,,,,,,lambertian,0.580000 0.560000 0.520000,,,
mat-itu_concrete__src_Concrete1_Curb,Concrete1_Curb,混凝土,1,Concrete1_Curb,mat-itu_concrete__src_Concrete1_Curb,concrete,confirmed_from_source_name,no_if_itu_preset_is_accepted,concrete,,,,,,lambertian,0.560000 0.550000 0.510000,,,
mat-itu_concrete__src_Concrete1_Ground,Concrete1_Ground,地面 + 混凝土,1,Concrete1_Ground,mat-itu_concrete__src_Concrete1_Ground,concrete,confirmed_from_source_name,no_if_itu_preset_is_accepted,concrete,,,,,,lambertian,0.560000 0.550000 0.510000,,,
mat-itu_concrete__src_Concrete1_Gutter,Concrete1_Gutter,混凝土,1,Concrete1_Gutter,mat-itu_concrete__src_Concrete1_Gutter,concrete,confirmed_from_source_name,no_if_itu_preset_is_accepted,concrete,,,,,,lambertian,0.560000 0.550000 0.510000,,,
mat-itu_concrete__src_Concrete1_Sidewalk,Concrete1_Sidewalk,混凝土,1,Concrete1_Sidewalk,mat-itu_concrete__src_Concrete1_Sidewalk,concrete,confirmed_from_source_name,no_if_itu_preset_is_accepted,concrete,,,,,,lambertian,0.560000 0.550000 0.510000,,,
mat-itu_concrete__src_Concrete_BlueGray1_Building,Concrete_BlueGray1_Building,建筑 + 蓝灰混凝土 + 混凝土,1,Concrete_BlueGray1_Building,mat-itu_concrete__src_Concrete_BlueGray1_Building,concrete,confirmed_from_source_name,no_if_itu_preset_is_accepted,concrete,,,,,,lambertian,0.480000 0.560000 0.620000,,,
mat-itu_concrete__src_Concrete_BlueGray_Building,Concrete_BlueGray_Building,建筑 + 蓝灰混凝土 + 混凝土,2,Concrete_BlueGray_Building;Concrete_BlueGray_Building_1,mat-itu_concrete__src_Concrete_BlueGray_Building;mat-itu_concrete__src_Concrete_BlueGray_Building_1,concrete,confirmed_from_source_name,no_if_itu_preset_is_accepted,concrete,,,,,,lambertian,0.480000 0.560000 0.620000,,,
mat-itu_concrete__src_Concrete_Brown1_Building,Concrete_Brown1_Building,建筑 + 棕色混凝土 + 混凝土,1,Concrete_Brown1_Building,mat-itu_concrete__src_Concrete_Brown1_Building,concrete,confirmed_from_source_name,no_if_itu_preset_is_accepted,concrete,,,,,,lambertian,0.480000 0.340000 0.250000,,,
mat-itu_concrete__src_Concrete_Brown_Building,Concrete_Brown_Building,建筑 + 棕色混凝土 + 混凝土,1,Concrete_Brown_Building,mat-itu_concrete__src_Concrete_Brown_Building,concrete,confirmed_from_source_name,no_if_itu_preset_is_accepted,concrete,,,,,,lambertian,0.480000 0.340000 0.250000,,,
mat-itu_concrete__src_Concrete_Olive1_Building,Concrete_Olive1_Building,建筑 + 橄榄色混凝土 + 混凝土,1,Concrete_Olive1_Building,mat-itu_concrete__src_Concrete_Olive1_Building,concrete,confirmed_from_source_name,no_if_itu_preset_is_accepted,concrete,,,,,,lambertian,0.450000 0.480000 0.320000,,,
mat-itu_concrete__src_Concrete_Olive2_Building,Concrete_Olive2_Building,建筑 + 橄榄色混凝土 + 混凝土,2,Concrete_Olive2_Building;Concrete_Olive2_Building_1,mat-itu_concrete__src_Concrete_Olive2_Building;mat-itu_concrete__src_Concrete_Olive2_Building_1,concrete,confirmed_from_source_name,no_if_itu_preset_is_accepted,concrete,,,,,,lambertian,0.450000 0.480000 0.320000,,,
mat-itu_concrete__src_Concrete_Olive_Building,Concrete_Olive_Building,建筑 + 橄榄色混凝土 + 混凝土,2,Concrete_Olive_Building;Concrete_Olive_Building_1,mat-itu_concrete__src_Concrete_Olive_Building;mat-itu_concrete__src_Concrete_Olive_Building_1,concrete,confirmed_from_source_name,no_if_itu_preset_is_accepted,concrete,,,,,,lambertian,0.450000 0.480000 0.320000,,,
mat-itu_concrete__src_Concrete_White1_Building,Concrete_White1_Building,建筑 + 白色混凝土 + 混凝土,1,Concrete_White1_Building,mat-itu_concrete__src_Concrete_White1_Building,concrete,confirmed_from_source_name,no_if_itu_preset_is_accepted,concrete,,,,,,lambertian,0.780000 0.760000 0.700000,,,
mat-itu_concrete__src_Concrete_White26_Building,Concrete_White26_Building,建筑 + 白色混凝土 + 混凝土,2,Concrete_White26_Building;Concrete_White26_Building_1,mat-itu_concrete__src_Concrete_White26_Building;mat-itu_concrete__src_Concrete_White26_Building_1,concrete,confirmed_from_source_name,no_if_itu_preset_is_accepted,concrete,,,,,,lambertian,0.780000 0.760000 0.700000,,,
mat-itu_concrete__src_Concrete_White28_Building,Concrete_White28_Building,建筑 + 白色混凝土 + 混凝土,3,Concrete_White28_Building;Concrete_White28_Building_1;Concrete_White28_Building_2,mat-itu_concrete__src_Concrete_White28_Building;mat-itu_concrete__src_Concrete_White28_Building_1;mat-itu_concrete__src_Concrete_White28_Building_2,concrete,confirmed_from_source_name,no_if_itu_preset_is_accepted,concrete,,,,,,lambertian,0.780000 0.760000 0.700000,,,
mat-itu_concrete__src_Concrete_White2_Building,Concrete_White2_Building,建筑 + 白色混凝土 + 混凝土,1,Concrete_White2_Building,mat-itu_concrete__src_Concrete_White2_Building,concrete,confirmed_from_source_name,no_if_itu_preset_is_accepted,concrete,,,,,,lambertian,0.780000 0.760000 0.700000,,,
mat-itu_concrete__src_Concrete_White_Building,Concrete_White_Building,建筑 + 白色混凝土 + 混凝土,11,Concrete_White_Building;Concrete_White_Building_1;Concrete_White_Building_10;Concrete_White_Building_2;Concrete_White_Building_3;Concrete_White_Building_4;Concrete_White_Building_5;Concrete_White_Building_6;Concrete_White_Building_7;Concrete_White_Building_8;Concrete_White_Building_9,mat-itu_concrete__src_Concrete_White_Building;mat-itu_concrete__src_Concrete_White_Building_1;mat-itu_concrete__src_Concrete_White_Building_10;mat-itu_concrete__src_Concrete_White_Building_2;mat-itu_concrete__src_Concrete_White_Building_3;mat-itu_concrete__src_Concrete_White_Building_4;mat-itu_concrete__src_Concrete_White_Building_5;mat-itu_concrete__src_Concrete_White_Building_6;mat-itu_concrete__src_Concrete_White_Building_7;mat-itu_concrete__src_Concrete_White_Building_8;mat-itu_concrete__src_Concrete_White_Building_9,concrete,confirmed_from_source_name,no_if_itu_preset_is_accepted,concrete,,,,,,lambertian,0.780000 0.760000 0.700000,,,
mat-itu_concrete__src_Concrete_White_Prop,Concrete_White_Prop,道具/小物件 + 白色混凝土 + 混凝土,1,Concrete_White_Prop,mat-itu_concrete__src_Concrete_White_Prop,concrete,confirmed_from_source_name,no_if_itu_preset_is_accepted,concrete,,,,,,lambertian,0.780000 0.760000 0.700000,,,
mat-itu_concrete__src_Concrete_White_Trim1_Building,Concrete_White_Trim1_Building,建筑 + 白色混凝土 + 混凝土,1,Concrete_White_Trim1_Building,mat-itu_concrete__src_Concrete_White_Trim1_Building,concrete,confirmed_from_source_name,no_if_itu_preset_is_accepted,concrete,,,,,,lambertian,0.780000 0.760000 0.700000,,,
mat-itu_concrete__src_Concrete_White_Trim2_Building,Concrete_White_Trim2_Building,建筑 + 白色混凝土 + 混凝土,2,Concrete_White_Trim2_Building;Concrete_White_Trim2_Building_1,mat-itu_concrete__src_Concrete_White_Trim2_Building;mat-itu_concrete__src_Concrete_White_Trim2_Building_1,concrete,confirmed_from_source_name,no_if_itu_preset_is_accepted,concrete,,,,,,lambertian,0.780000 0.760000 0.700000,,,
mat-itu_concrete__src_Concrete_White_Trim_Building,Concrete_White_Trim_Building,建筑 + 白色混凝土 + 混凝土,2,Concrete_White_Trim_Building;Concrete_White_Trim_Building_1,mat-itu_concrete__src_Concrete_White_Trim_Building;mat-itu_concrete__src_Concrete_White_Trim_Building_1,concrete,confirmed_from_source_name,no_if_itu_preset_is_accepted,concrete,,,,,,lambertian,0.780000 0.760000 0.700000,,,
mat-itu_concrete__src_Concrete_WhiteEmissive1_Building,Concrete_WhiteEmissive1_Building,建筑 + 白色自发光混凝土 + 白色混凝土 + 混凝土 + 自发光,2,Concrete_WhiteEmissive1_Building;Concrete_WhiteEmissive1_Building_1,mat-itu_concrete__src_Concrete_WhiteEmissive1_Building;mat-itu_concrete__src_Concrete_WhiteEmissive1_Building_1,concrete,confirmed_from_source_name,no_if_itu_preset_is_accepted,concrete,,,,,,lambertian,0.780000 0.760000 0.700000,,,
mat-itu_concrete__src_Concrete_WhiteEmissive1_Prop,Concrete_WhiteEmissive1_Prop,道具/小物件 + 白色自发光混凝土 + 白色混凝土 + 混凝土 + 自发光,1,Concrete_WhiteEmissive1_Prop,mat-itu_concrete__src_Concrete_WhiteEmissive1_Prop,concrete,confirmed_from_source_name,no_if_itu_preset_is_accepted,concrete,,,,,,lambertian,0.780000 0.760000 0.700000,,,
mat-itu_concrete__src_Emmissive_ConcretePopcorn_Building,Emmissive_ConcretePopcorn_Building,建筑 + 混凝土 + 自发光,1,Emmissive_ConcretePopcorn_Building,mat-itu_concrete__src_Emmissive_ConcretePopcorn_Building,concrete,confirmed_from_source_name,no_if_itu_preset_is_accepted,concrete,,,,,,lambertian,0.560000 0.550000 0.510000,,,
mat-itu_metal__src_Emmissive_Iron01_Building,Emmissive_Iron01_Building,建筑 + 铁 + 自发光,1,Emmissive_Iron01_Building,mat-itu_metal__src_Emmissive_Iron01_Building,metal,confirmed_from_source_name,no_if_itu_preset_is_accepted,metal,,,,,,lambertian,0.350000 0.360000 0.380000,,,
mat-itu_metal__src_Emmissive_ShinyMetal01_Building,Emmissive_ShinyMetal01_Building,建筑 + 亮面金属 + 金属 + 自发光,1,Emmissive_ShinyMetal01_Building,mat-itu_metal__src_Emmissive_ShinyMetal01_Building,metal,confirmed_from_source_name,no_if_itu_preset_is_accepted,metal,,,,,,lambertian,0.620000 0.620000 0.580000,,,
mat-itu_brick__src_Emmissive_SidingBrickFlat_Building,Emmissive_SidingBrickFlat_Building,建筑 + 砖 + 自发光 + 砖饰面外墙板,1,Emmissive_SidingBrickFlat_Building,mat-itu_brick__src_Emmissive_SidingBrickFlat_Building,brick,confirmed_from_source_name,no_if_itu_preset_is_accepted,brick,,,,,,lambertian,0.500000 0.170000 0.100000,,,
mat-itu_concrete__src_Foundation_Concrete1_Building,Foundation_Concrete1_Building,建筑 + 混凝土 + 地基/基础,1,Foundation_Concrete1_Building,mat-itu_concrete__src_Foundation_Concrete1_Building,concrete,confirmed_from_source_name,no_if_itu_preset_is_accepted,concrete,,,,,,lambertian,0.580000 0.560000 0.520000,,,
mat-itu_concrete__src_Foundation_Concrete2_Building,Foundation_Concrete2_Building,建筑 + 混凝土 + 地基/基础,1,Foundation_Concrete2_Building,mat-itu_concrete__src_Foundation_Concrete2_Building,concrete,confirmed_from_source_name,no_if_itu_preset_is_accepted,concrete,,,,,,lambertian,0.580000 0.560000 0.520000,,,
mat-itu_concrete__src_Foundation_Concrete3_Building,Foundation_Concrete3_Building,建筑 + 混凝土 + 地基/基础,9,Foundation_Concrete3_Building;Foundation_Concrete3_Building_1;Foundation_Concrete3_Building_2;Foundation_Concrete3_Building_3;Foundation_Concrete3_Building_4;Foundation_Concrete3_Building_5;Foundation_Concrete3_Building_6;Foundation_Concrete3_Building_7;Foundation_Concrete3_Building_8,mat-itu_concrete__src_Foundation_Concrete3_Building;mat-itu_concrete__src_Foundation_Concrete3_Building_1;mat-itu_concrete__src_Foundation_Concrete3_Building_2;mat-itu_concrete__src_Foundation_Concrete3_Building_3;mat-itu_concrete__src_Foundation_Concrete3_Building_4;mat-itu_concrete__src_Foundation_Concrete3_Building_5;mat-itu_concrete__src_Foundation_Concrete3_Building_6;mat-itu_concrete__src_Foundation_Concrete3_Building_7;mat-itu_concrete__src_Foundation_Concrete3_Building_8,concrete,confirmed_from_source_name,no_if_itu_preset_is_accepted,concrete,,,,,,lambertian,0.580000 0.560000 0.520000,,,
mat-itu_concrete__src_Foundation_Concrete3_Prop,Foundation_Concrete3_Prop,道具/小物件 + 混凝土 + 地基/基础,1,Foundation_Concrete3_Prop,mat-itu_concrete__src_Foundation_Concrete3_Prop,concrete,confirmed_from_source_name,no_if_itu_preset_is_accepted,concrete,,,,,,lambertian,0.580000 0.560000 0.520000,,,
mat-itu_concrete__src_Foundation_Concrete4_Building,Foundation_Concrete4_Building,建筑 + 混凝土 + 地基/基础,5,Foundation_Concrete4_Building;Foundation_Concrete4_Building_1;Foundation_Concrete4_Building_2;Foundation_Concrete4_Building_3;Foundation_Concrete4_Building_4,mat-itu_concrete__src_Foundation_Concrete4_Building;mat-itu_concrete__src_Foundation_Concrete4_Building_1;mat-itu_concrete__src_Foundation_Concrete4_Building_2;mat-itu_concrete__src_Foundation_Concrete4_Building_3;mat-itu_concrete__src_Foundation_Concrete4_Building_4,concrete,confirmed_from_source_name,no_if_itu_preset_is_accepted,concrete,,,,,,lambertian,0.580000 0.560000 0.520000,,,
mat-itu_concrete__src_Foundation_Concrete5_Building,Foundation_Concrete5_Building,建筑 + 混凝土 + 地基/基础,1,Foundation_Concrete5_Building,mat-itu_concrete__src_Foundation_Concrete5_Building,concrete,confirmed_from_source_name,no_if_itu_preset_is_accepted,concrete,,,,,,lambertian,0.580000 0.560000 0.520000,,,
mat-itu_concrete__src_Fountain_Concrete_Tex1_Prop,Fountain_Concrete_Tex1_Prop,道具/小物件 + 混凝土 + 喷泉,1,Fountain_Concrete_Tex1_Prop,mat-itu_concrete__src_Fountain_Concrete_Tex1_Prop,concrete,confirmed_from_source_name,no_if_itu_preset_is_accepted,concrete,,,,,,lambertian,0.560000 0.550000 0.510000,,,
mat-itu_glass__src_Glass11_Building,Glass11_Building,建筑 + 玻璃,1,Glass11_Building,mat-itu_glass__src_Glass11_Building,glass,confirmed_from_source_name,no_if_itu_preset_is_accepted,glass,,,,,,lambertian,0.240000 0.580000 0.780000,,,
mat-itu_glass__src_Glass12_Building,Glass12_Building,建筑 + 玻璃,1,Glass12_Building,mat-itu_glass__src_Glass12_Building,glass,confirmed_from_source_name,no_if_itu_preset_is_accepted,glass,,,,,,lambertian,0.240000 0.580000 0.780000,,,
mat-itu_glass__src_Glass13_Building,Glass13_Building,建筑 + 玻璃,3,Glass13_Building;Glass13_Building_1;Glass13_Building_2,mat-itu_glass__src_Glass13_Building;mat-itu_glass__src_Glass13_Building_1;mat-itu_glass__src_Glass13_Building_2,glass,confirmed_from_source_name,no_if_itu_preset_is_accepted,glass,,,,,,lambertian,0.240000 0.580000 0.780000,,,
mat-itu_glass__src_Glass1_Building,Glass1_Building,建筑 + 玻璃,1,Glass1_Building,mat-itu_glass__src_Glass1_Building,glass,confirmed_from_source_name,no_if_itu_preset_is_accepted,glass,,,,,,lambertian,0.240000 0.580000 0.780000,,,
mat-itu_glass__src_Glass3_Building,Glass3_Building,建筑 + 玻璃,9,Glass3_Building;Glass3_Building_1;Glass3_Building_2;Glass3_Building_3;Glass3_Building_4;Glass3_Building_5;Glass3_Building_6;Glass3_Building_7;Glass3_Building_8,mat-itu_glass__src_Glass3_Building;mat-itu_glass__src_Glass3_Building_1;mat-itu_glass__src_Glass3_Building_2;mat-itu_glass__src_Glass3_Building_3;mat-itu_glass__src_Glass3_Building_4;mat-itu_glass__src_Glass3_Building_5;mat-itu_glass__src_Glass3_Building_6;mat-itu_glass__src_Glass3_Building_7;mat-itu_glass__src_Glass3_Building_8,glass,confirmed_from_source_name,no_if_itu_preset_is_accepted,glass,,,,,,lambertian,0.240000 0.580000 0.780000,,,
mat-itu_glass__src_Glass3_Prop,Glass3_Prop,道具/小物件 + 玻璃,1,Glass3_Prop,mat-itu_glass__src_Glass3_Prop,glass,confirmed_from_source_name,no_if_itu_preset_is_accepted,glass,,,,,,lambertian,0.240000 0.580000 0.780000,,,
mat-itu_glass__src_Glass4_Building,Glass4_Building,建筑 + 玻璃,3,Glass4_Building;Glass4_Building_1;Glass4_Building_2,mat-itu_glass__src_Glass4_Building;mat-itu_glass__src_Glass4_Building_1;mat-itu_glass__src_Glass4_Building_2,glass,confirmed_from_source_name,no_if_itu_preset_is_accepted,glass,,,,,,lambertian,0.240000 0.580000 0.780000,,,
mat-itu_glass__src_Glass_Building,Glass_Building,建筑 + 玻璃,1,Glass_Building,mat-itu_glass__src_Glass_Building,glass,confirmed_from_source_name,no_if_itu_preset_is_accepted,glass,,,,,,lambertian,0.240000 0.580000 0.780000,,,
mat-itu_glass__src_Glass_Prop,Glass_Prop,道具/小物件 + 玻璃,1,Glass_Prop,mat-itu_glass__src_Glass_Prop,glass,confirmed_from_source_name,no_if_itu_preset_is_accepted,glass,,,,,,lambertian,0.240000 0.580000 0.780000,,,
mat-itu_glass__src_Glass_Transparent2_Building,Glass_Transparent2_Building,建筑 + 透明玻璃 + 玻璃,2,Glass_Transparent2_Building;Glass_Transparent2_Building_1,mat-itu_glass__src_Glass_Transparent2_Building;mat-itu_glass__src_Glass_Transparent2_Building_1,glass,confirmed_from_source_name,no_if_itu_preset_is_accepted,glass,,,,,,lambertian,0.550000 0.820000 0.950000,,,
mat-itu_glass__src_Glass_Transparent2_Prop,Glass_Transparent2_Prop,道具/小物件 + 透明玻璃 + 玻璃,1,Glass_Transparent2_Prop,mat-itu_glass__src_Glass_Transparent2_Prop,glass,confirmed_from_source_name,no_if_itu_preset_is_accepted,glass,,,,,,lambertian,0.550000 0.820000 0.950000,,,
mat-itu_glass__src_Glass_Transparent_Building,Glass_Transparent_Building,建筑 + 透明玻璃 + 玻璃,1,Glass_Transparent_Building,mat-itu_glass__src_Glass_Transparent_Building,glass,confirmed_from_source_name,no_if_itu_preset_is_accepted,glass,,,,,,lambertian,0.550000 0.820000 0.950000,,,
mat-itu_metal__src_Metal_Emissive1_Building,Metal_Emissive1_Building,建筑 + 金属 + 自发光,1,Metal_Emissive1_Building,mat-itu_metal__src_Metal_Emissive1_Building,metal,confirmed_from_source_name,no_if_itu_preset_is_accepted,metal,,,,,,lambertian,0.620000 0.620000 0.580000,,,
mat-itu_metal__src_Metal_Emissive1_Prop,Metal_Emissive1_Prop,道具/小物件 + 金属 + 自发光,1,Metal_Emissive1_Prop,mat-itu_metal__src_Metal_Emissive1_Prop,metal,confirmed_from_source_name,no_if_itu_preset_is_accepted,metal,,,,,,lambertian,0.620000 0.620000 0.580000,,,
mat-itu_metal__src_Metal_Emissive3_Building,Metal_Emissive3_Building,建筑 + 金属 + 自发光,1,Metal_Emissive3_Building,mat-itu_metal__src_Metal_Emissive3_Building,metal,confirmed_from_source_name,no_if_itu_preset_is_accepted,metal,,,,,,lambertian,0.620000 0.620000 0.580000,,,
mat-itu_metal__src_MetalFence01_Marking,MetalFence01_Marking,金属围栏 + 金属 + 标线,1,MetalFence01_Marking,mat-itu_metal__src_MetalFence01_Marking,metal,confirmed_from_source_name,no_if_itu_preset_is_accepted,metal,,,,,,lambertian,0.440000 0.420000 0.380000,,,
mat-itu_metal__src_phong2_Prop,phong2_Prop,道具/小物件 + Phong材质,1,phong2_Prop,mat-itu_metal__src_phong2_Prop,metal,confirmed_from_source_name,no_if_itu_preset_is_accepted,metal,,,,,,lambertian,0.440000 0.420000 0.380000,,,
mat-itu_glass__src_SkyScraper_40mx40m_31Story_Chair_Tex1_Building,SkyScraper_40mx40m_31Story_Chair_Tex1_Building,建筑 + 摩天楼,1,SkyScraper_40mx40m_31Story_Chair_Tex1_Building,mat-itu_glass__src_SkyScraper_40mx40m_31Story_Chair_Tex1_Building,glass,confirmed_from_source_name,no_if_itu_preset_is_accepted,glass,,,,,,lambertian,0.240000 0.580000 0.780000,,,
mat-itu_concrete__src_SkyScraper_40mx40m_31Story_Concrete_Brown,SkyScraper_40mx40m_31Story_Concrete_Brown,棕色混凝土 + 混凝土 + 摩天楼,1,SkyScraper_40mx40m_31Story_Concrete_Brown,mat-itu_concrete__src_SkyScraper_40mx40m_31Story_Concrete_Brown,concrete,confirmed_from_source_name,no_if_itu_preset_is_accepted,concrete,,,,,,lambertian,0.480000 0.340000 0.250000,,,
mat-itu_concrete__src_SkyScraper_40mx40m_31Story_Concrete_Brown.001,SkyScraper_40mx40m_31Story_Concrete_Brown.001,棕色混凝土 + 混凝土 + 摩天楼,1,SkyScraper_40mx40m_31Story_Concrete_Brown.001,mat-itu_concrete__src_SkyScraper_40mx40m_31Story_Concrete_Brown.001,concrete,confirmed_from_source_name,no_if_itu_preset_is_accepted,concrete,,,,,,lambertian,0.480000 0.340000 0.250000,,,
mat-itu_concrete__src_SkyScraper_40mx40m_31Story_Concrete_Brown1_Bu,SkyScraper_40mx40m_31Story_Concrete_Brown1_Bu,棕色混凝土 + 混凝土 + 摩天楼,1,SkyScraper_40mx40m_31Story_Concrete_Brown1_Bu,mat-itu_concrete__src_SkyScraper_40mx40m_31Story_Concrete_Brown1_Bu,concrete,confirmed_from_source_name,no_if_itu_preset_is_accepted,concrete,,,,,,lambertian,0.480000 0.340000 0.250000,,,
mat-itu_wood__src_WoodFloor_Emissive2_Building,WoodFloor_Emissive2_Building,建筑 + 木地板 + 木材 + 自发光,1,WoodFloor_Emissive2_Building,mat-itu_wood__src_WoodFloor_Emissive2_Building,wood,confirmed_from_source_name,no_if_itu_preset_is_accepted,wood,,,,,,lambertian,0.480000 0.300000 0.160000,,,
mat-itu_wood__src_WoodFloor_Emissive2_Prop,WoodFloor_Emissive2_Prop,道具/小物件 + 木地板 + 木材 + 自发光,1,WoodFloor_Emissive2_Prop,mat-itu_wood__src_WoodFloor_Emissive2_Prop,wood,confirmed_from_source_name,no_if_itu_preset_is_accepted,wood,,,,,,lambertian,0.480000 0.300000 0.160000,,,
mat-itu_wood__src_WoodFloor_Emissive3_Building,WoodFloor_Emissive3_Building,建筑 + 木地板 + 木材 + 自发光,1,WoodFloor_Emissive3_Building,mat-itu_wood__src_WoodFloor_Emissive3_Building,wood,confirmed_from_source_name,no_if_itu_preset_is_accepted,wood,,,,,,lambertian,0.480000 0.300000 0.160000,,,
mat-itu_wood__src_WoodFloor_Emissive_Building,WoodFloor_Emissive_Building,建筑 + 木地板 + 木材 + 自发光,1,WoodFloor_Emissive_Building,mat-itu_wood__src_WoodFloor_Emissive_Building,wood,confirmed_from_source_name,no_if_itu_preset_is_accepted,wood,,,,,,lambertian,0.480000 0.300000 0.160000,,,
mat-review_Asphalt1_Road,Asphalt1_Road,沥青,1,Asphalt1_Road,mat-review_Asphalt1_Road,concrete,uncertain_review,yes,,,,,,,lambertian,1.000000 0.000000 0.850000,,,
mat-review_Construction_mat_Prop,Construction_mat_Prop,道具/小物件 + 施工材料,1,Construction_mat_Prop,mat-review_Construction_mat_Prop,concrete,uncertain_review,yes,,,,,,,lambertian,1.000000 0.000000 0.850000,,,
mat-review_Emissive_Marble1_Building,Emissive_Marble1_Building,建筑 + 自发光 + 大理石,1,Emissive_Marble1_Building,mat-review_Emissive_Marble1_Building,concrete,uncertain_review,yes,,,,,,,lambertian,1.000000 0.000000 0.850000,,,
mat-review_Emissive_MetalWood_Trim1_Building,Emissive_MetalWood_Trim1_Building,建筑 + 金属/木材装饰边条 + 金属/木材 + 金属 + 木材 + 自发光,1,Emissive_MetalWood_Trim1_Building,mat-review_Emissive_MetalWood_Trim1_Building,concrete,uncertain_review,yes,,,,,,,lambertian,1.000000 0.000000 0.850000,,,
mat-review_Emmissive_LightMarble_Building,Emmissive_LightMarble_Building,建筑 + 自发光 + 大理石,1,Emmissive_LightMarble_Building,mat-review_Emmissive_LightMarble_Building,concrete,uncertain_review,yes,,,,,,,lambertian,1.000000 0.000000 0.850000,,,
mat-review_Emmissive_SanDiego_Building_Props_03_Building,Emmissive_SanDiego_Building_Props_03_Building,圣迭戈建筑配件 + 建筑配件 + 建筑 + 道具/小物件 + 自发光,1,Emmissive_SanDiego_Building_Props_03_Building,mat-review_Emmissive_SanDiego_Building_Props_03_Building,concrete,uncertain_review,yes,,,,,,,lambertian,1.000000 0.000000 0.850000,,,
mat-review_Emmissive_SidingCalcattaMarble_Building,Emmissive_SidingCalcattaMarble_Building,建筑 + 自发光 + 卡拉卡塔大理石 + 大理石,1,Emmissive_SidingCalcattaMarble_Building,mat-review_Emmissive_SidingCalcattaMarble_Building,concrete,uncertain_review,yes,,,,,,,lambertian,1.000000 0.000000 0.850000,,,
mat-review_Emmissive_SidingVinylPlating_Building,Emmissive_SidingVinylPlating_Building,建筑 + 自发光 + 乙烯基外墙板,1,Emmissive_SidingVinylPlating_Building,mat-review_Emmissive_SidingVinylPlating_Building,concrete,uncertain_review,yes,,,,,,,lambertian,1.000000 0.000000 0.850000,,,
mat-review_Emmissive_StuccoWall01_Building,Emmissive_StuccoWall01_Building,建筑 + 自发光,1,Emmissive_StuccoWall01_Building,mat-review_Emmissive_StuccoWall01_Building,concrete,uncertain_review,yes,,,,,,,lambertian,1.000000 0.000000 0.850000,,,
mat-review_Foundation_MAT1_Prop,Foundation_MAT1_Prop,道具/小物件 + 地基/基础,1,Foundation_MAT1_Prop,mat-review_Foundation_MAT1_Prop,concrete,uncertain_review,yes,,,,,,,lambertian,1.000000 0.000000 0.850000,,,
mat-review_Fountain_Water_Tex1_Prop,Fountain_Water_Tex1_Prop,道具/小物件 + 喷泉水 + 水 + 喷泉,1,Fountain_Water_Tex1_Prop,mat-review_Fountain_Water_Tex1_Prop,concrete,uncertain_review,yes,,,,,,,lambertian,1.000000 0.000000 0.850000,,,
mat-review_Grass1_Ground,Grass1_Ground,地面 + 草地,1,Grass1_Ground,mat-review_Grass1_Ground,concrete,uncertain_review,yes,,,,,,,lambertian,1.000000 0.000000 0.850000,,,
mat-review_InteriorGlow_Building,InteriorGlow_Building,建筑 + 室内发光材质,1,InteriorGlow_Building,mat-review_InteriorGlow_Building,concrete,uncertain_review,yes,,,,,,,lambertian,1.000000 0.000000 0.850000,,,
mat-review_LaneMarking1_Marking,LaneMarking1_Marking,车道线 + 标线,1,LaneMarking1_Marking,mat-review_LaneMarking1_Marking,concrete,uncertain_review,yes,,,,,,,lambertian,1.000000 0.000000 0.850000,,,
mat-review_LaneMarkingYellow1_Marking,LaneMarkingYellow1_Marking,黄色车道线 + 车道线 + 标线,1,LaneMarkingYellow1_Marking,mat-review_LaneMarkingYellow1_Marking,concrete,uncertain_review,yes,,,,,,,lambertian,1.000000 0.000000 0.850000,,,
mat-review_Leaves1_Prop,Leaves1_Prop,道具/小物件 + 树叶,1,Leaves1_Prop,mat-review_Leaves1_Prop,concrete,uncertain_review,yes,,,,,,,lambertian,1.000000 0.000000 0.850000,,,
mat-review_Leaves3_Prop,Leaves3_Prop,道具/小物件 + 树叶,1,Leaves3_Prop,mat-review_Leaves3_Prop,concrete,uncertain_review,yes,,,,,,,lambertian,1.000000 0.000000 0.850000,,,
mat-review_Leaves4_Foliage,Leaves4_Foliage,树叶 + 植被,1,Leaves4_Foliage,mat-review_Leaves4_Foliage,concrete,uncertain_review,yes,,,,,,,lambertian,1.000000 0.000000 0.850000,,,
mat-review_Leaves6_Prop,Leaves6_Prop,道具/小物件 + 树叶,1,Leaves6_Prop,mat-review_Leaves6_Prop,concrete,uncertain_review,yes,,,,,,,lambertian,1.000000 0.000000 0.850000,,,
mat-review_Leaves_Foliage,Leaves_Foliage,树叶/植被 + 树叶 + 植被,10,Leaves_Foliage;Leaves_Foliage_1;Leaves_Foliage_2;Leaves_Foliage_3;Leaves_Foliage_4;Leaves_Foliage_5;Leaves_Foliage_6;Leaves_Foliage_7;Leaves_Foliage_8;Leaves_Foliage_9,mat-review_Leaves_Foliage;mat-review_Leaves_Foliage_1;mat-review_Leaves_Foliage_2;mat-review_Leaves_Foliage_3;mat-review_Leaves_Foliage_4;mat-review_Leaves_Foliage_5;mat-review_Leaves_Foliage_6;mat-review_Leaves_Foliage_7;mat-review_Leaves_Foliage_8;mat-review_Leaves_Foliage_9,concrete,uncertain_review,yes,,,,,,,lambertian,1.000000 0.000000 0.850000,,,
mat-review_Light_material_Prop,Light_material_Prop,道具/小物件 + 灯具材质,3,Light_material_Prop;Light_material_Prop_1;Light_material_Prop_2,mat-review_Light_material_Prop;mat-review_Light_material_Prop_1;mat-review_Light_material_Prop_2,concrete,uncertain_review,yes,,,,,,,lambertian,1.000000 0.000000 0.850000,,,
mat-review_Light_material_Signal,Light_material_Signal,交通标志 + 灯具材质,7,Light_material_Signal;Light_material_Signal_1;Light_material_Signal_2;Light_material_Signal_3;Light_material_Signal_4;Light_material_Signal_5;Light_material_Signal_6,mat-review_Light_material_Signal;mat-review_Light_material_Signal_1;mat-review_Light_material_Signal_2;mat-review_Light_material_Signal_3;mat-review_Light_material_Signal_4;mat-review_Light_material_Signal_5;mat-review_Light_material_Signal_6,concrete,uncertain_review,yes,,,,,,,lambertian,1.000000 0.000000 0.850000,,,
mat-review_Mailbox_Mat_Prop,Mailbox_Mat_Prop,道具/小物件,1,Mailbox_Mat_Prop,mat-review_Mailbox_Mat_Prop,concrete,uncertain_review,yes,,,,,,,lambertian,1.000000 0.000000 0.850000,,,
mat-review_MetalWood_Trim1_Building,MetalWood_Trim1_Building,建筑 + 金属/木材装饰边条 + 金属/木材 + 金属 + 木材,1,MetalWood_Trim1_Building,mat-review_MetalWood_Trim1_Building,concrete,uncertain_review,yes,,,,,,,lambertian,1.000000 0.000000 0.850000,,,
mat-review_MetalWood_Trim27_Building,MetalWood_Trim27_Building,建筑 + 金属/木材装饰边条 + 金属/木材 + 金属 + 木材,2,MetalWood_Trim27_Building;MetalWood_Trim27_Building_1,mat-review_MetalWood_Trim27_Building;mat-review_MetalWood_Trim27_Building_1,concrete,uncertain_review,yes,,,,,,,lambertian,1.000000 0.000000 0.850000,,,
mat-review_MetalWood_Trim30_Building,MetalWood_Trim30_Building,建筑 + 金属/木材装饰边条 + 金属/木材 + 金属 + 木材,2,MetalWood_Trim30_Building;MetalWood_Trim30_Building_1,mat-review_MetalWood_Trim30_Building;mat-review_MetalWood_Trim30_Building_1,concrete,uncertain_review,yes,,,,,,,lambertian,1.000000 0.000000 0.850000,,,
mat-review_MetalWood_Trim31_Building,MetalWood_Trim31_Building,建筑 + 金属/木材装饰边条 + 金属/木材 + 金属 + 木材,1,MetalWood_Trim31_Building,mat-review_MetalWood_Trim31_Building,concrete,uncertain_review,yes,,,,,,,lambertian,1.000000 0.000000 0.850000,,,
mat-review_MetalWood_Trim_Building,MetalWood_Trim_Building,建筑 + 金属/木材装饰边条 + 金属/木材 + 金属 + 木材,12,MetalWood_Trim_Building;MetalWood_Trim_Building_1;MetalWood_Trim_Building_10;MetalWood_Trim_Building_11;MetalWood_Trim_Building_2;MetalWood_Trim_Building_3;MetalWood_Trim_Building_4;MetalWood_Trim_Building_5;MetalWood_Trim_Building_6;MetalWood_Trim_Building_7;MetalWood_Trim_Building_8;MetalWood_Trim_Building_9,mat-review_MetalWood_Trim_Building;mat-review_MetalWood_Trim_Building_1;mat-review_MetalWood_Trim_Building_10;mat-review_MetalWood_Trim_Building_11;mat-review_MetalWood_Trim_Building_2;mat-review_MetalWood_Trim_Building_3;mat-review_MetalWood_Trim_Building_4;mat-review_MetalWood_Trim_Building_5;mat-review_MetalWood_Trim_Building_6;mat-review_MetalWood_Trim_Building_7;mat-review_MetalWood_Trim_Building_8;mat-review_MetalWood_Trim_Building_9,concrete,uncertain_review,yes,,,,,,,lambertian,1.000000 0.000000 0.850000,,,
mat-review_MetalWood_Trim_Prop,MetalWood_Trim_Prop,道具/小物件 + 金属/木材装饰边条 + 金属/木材 + 金属 + 木材,1,MetalWood_Trim_Prop,mat-review_MetalWood_Trim_Prop,concrete,uncertain_review,yes,,,,,,,lambertian,1.000000 0.000000 0.850000,,,
mat-review_Roof_Asphalt1_Building,Roof_Asphalt1_Building,建筑 + 沥青屋顶 + 屋顶 + 沥青,4,Roof_Asphalt1_Building;Roof_Asphalt1_Building_1;Roof_Asphalt1_Building_2;Roof_Asphalt1_Building_3,mat-review_Roof_Asphalt1_Building;mat-review_Roof_Asphalt1_Building_1;mat-review_Roof_Asphalt1_Building_2;mat-review_Roof_Asphalt1_Building_3,concrete,uncertain_review,yes,,,,,,,lambertian,1.000000 0.000000 0.850000,,,
mat-review_Roof_Asphalt2_Building,Roof_Asphalt2_Building,建筑 + 沥青屋顶 + 屋顶 + 沥青,1,Roof_Asphalt2_Building,mat-review_Roof_Asphalt2_Building,concrete,uncertain_review,yes,,,,,,,lambertian,1.000000 0.000000 0.850000,,,
mat-review_Roof_Asphalt3_Building,Roof_Asphalt3_Building,建筑 + 沥青屋顶 + 屋顶 + 沥青,2,Roof_Asphalt3_Building;Roof_Asphalt3_Building_1,mat-review_Roof_Asphalt3_Building;mat-review_Roof_Asphalt3_Building_1,concrete,uncertain_review,yes,,,,,,,lambertian,1.000000 0.000000 0.850000,,,
mat-review_Roof_Bitumen1_Building,Roof_Bitumen1_Building,建筑 + 沥青屋顶 + 屋顶 + 沥青,1,Roof_Bitumen1_Building,mat-review_Roof_Bitumen1_Building,concrete,uncertain_review,yes,,,,,,,lambertian,1.000000 0.000000 0.850000,,,
mat-review_Roof_Bitumen36_Building,Roof_Bitumen36_Building,建筑 + 沥青屋顶 + 屋顶 + 沥青,10,Roof_Bitumen36_Building;Roof_Bitumen36_Building_1;Roof_Bitumen36_Building_2;Roof_Bitumen36_Building_3;Roof_Bitumen36_Building_4;Roof_Bitumen36_Building_5;Roof_Bitumen36_Building_6;Roof_Bitumen36_Building_7;Roof_Bitumen36_Building_8;Roof_Bitumen36_Building_9,mat-review_Roof_Bitumen36_Building;mat-review_Roof_Bitumen36_Building_1;mat-review_Roof_Bitumen36_Building_2;mat-review_Roof_Bitumen36_Building_3;mat-review_Roof_Bitumen36_Building_4;mat-review_Roof_Bitumen36_Building_5;mat-review_Roof_Bitumen36_Building_6;mat-review_Roof_Bitumen36_Building_7;mat-review_Roof_Bitumen36_Building_8;mat-review_Roof_Bitumen36_Building_9,concrete,uncertain_review,yes,,,,,,,lambertian,1.000000 0.000000 0.850000,,,
mat-review_Roof_Bitumen36_Prop,Roof_Bitumen36_Prop,道具/小物件 + 沥青屋顶 + 屋顶 + 沥青,1,Roof_Bitumen36_Prop,mat-review_Roof_Bitumen36_Prop,concrete,uncertain_review,yes,,,,,,,lambertian,1.000000 0.000000 0.850000,,,
mat-review_Roof_Bitumen37_Building,Roof_Bitumen37_Building,建筑 + 沥青屋顶 + 屋顶 + 沥青,2,Roof_Bitumen37_Building;Roof_Bitumen37_Building_1,mat-review_Roof_Bitumen37_Building;mat-review_Roof_Bitumen37_Building_1,concrete,uncertain_review,yes,,,,,,,lambertian,1.000000 0.000000 0.850000,,,
mat-review_Roof_Bitumen4_Building,Roof_Bitumen4_Building,建筑 + 沥青屋顶 + 屋顶 + 沥青,2,Roof_Bitumen4_Building;Roof_Bitumen4_Building_1,mat-review_Roof_Bitumen4_Building;mat-review_Roof_Bitumen4_Building_1,concrete,uncertain_review,yes,,,,,,,lambertian,1.000000 0.000000 0.850000,,,
mat-review_Roof_Bitumen5_Building,Roof_Bitumen5_Building,建筑 + 沥青屋顶 + 屋顶 + 沥青,2,Roof_Bitumen5_Building;Roof_Bitumen5_Building_1,mat-review_Roof_Bitumen5_Building;mat-review_Roof_Bitumen5_Building_1,concrete,uncertain_review,yes,,,,,,,lambertian,1.000000 0.000000 0.850000,,,
mat-review_SanDiego_Building_Props_01_Prop,SanDiego_Building_Props_01_Prop,圣迭戈建筑配件 + 建筑配件 + 建筑 + 道具/小物件,2,SanDiego_Building_Props_01_Prop;SanDiego_Building_Props_01_Prop_1,mat-review_SanDiego_Building_Props_01_Prop;mat-review_SanDiego_Building_Props_01_Prop_1,concrete,uncertain_review,yes,,,,,,,lambertian,1.000000 0.000000 0.850000,,,
mat-review_SanDiego_Building_Props_02_Building,SanDiego_Building_Props_02_Building,圣迭戈建筑配件 + 建筑配件 + 建筑 + 道具/小物件,1,SanDiego_Building_Props_02_Building,mat-review_SanDiego_Building_Props_02_Building,concrete,uncertain_review,yes,,,,,,,lambertian,1.000000 0.000000 0.850000,,,
mat-review_SanDiego_Building_Props_03_Building,SanDiego_Building_Props_03_Building,圣迭戈建筑配件 + 建筑配件 + 建筑 + 道具/小物件,2,SanDiego_Building_Props_03_Building;SanDiego_Building_Props_03_Building_1,mat-review_SanDiego_Building_Props_03_Building;mat-review_SanDiego_Building_Props_03_Building_1,concrete,uncertain_review,yes,,,,,,,lambertian,1.000000 0.000000 0.850000,,,
mat-review_SanDiego_Building_Props_05_Building,SanDiego_Building_Props_05_Building,圣迭戈建筑配件 + 建筑配件 + 建筑 + 道具/小物件,1,SanDiego_Building_Props_05_Building,mat-review_SanDiego_Building_Props_05_Building,concrete,uncertain_review,yes,,,,,,,lambertian,1.000000 0.000000 0.850000,,,
mat-review_SanDiego_Building_Props_07_Building,SanDiego_Building_Props_07_Building,圣迭戈建筑配件 + 建筑配件 + 建筑 + 道具/小物件,2,SanDiego_Building_Props_07_Building;SanDiego_Building_Props_07_Building_1,mat-review_SanDiego_Building_Props_07_Building;mat-review_SanDiego_Building_Props_07_Building_1,concrete,uncertain_review,yes,,,,,,,lambertian,1.000000 0.000000 0.850000,,,
mat-review_SanDiego_Building_Props_13_Building,SanDiego_Building_Props_13_Building,圣迭戈建筑配件 + 建筑配件 + 建筑 + 道具/小物件,1,SanDiego_Building_Props_13_Building,mat-review_SanDiego_Building_Props_13_Building,concrete,uncertain_review,yes,,,,,,,lambertian,1.000000 0.000000 0.850000,,,
mat-review_SanDiego_Building_Props_19_Building,SanDiego_Building_Props_19_Building,圣迭戈建筑配件 + 建筑配件 + 建筑 + 道具/小物件,4,SanDiego_Building_Props_19_Building;SanDiego_Building_Props_19_Building_1;SanDiego_Building_Props_19_Building_2;SanDiego_Building_Props_19_Building_3,mat-review_SanDiego_Building_Props_19_Building;mat-review_SanDiego_Building_Props_19_Building_1;mat-review_SanDiego_Building_Props_19_Building_2;mat-review_SanDiego_Building_Props_19_Building_3,concrete,uncertain_review,yes,,,,,,,lambertian,1.000000 0.000000 0.850000,,,
mat-review_SanDiego_Building_Props_28_Building,SanDiego_Building_Props_28_Building,圣迭戈建筑配件 + 建筑配件 + 建筑 + 道具/小物件,1,SanDiego_Building_Props_28_Building,mat-review_SanDiego_Building_Props_28_Building,concrete,uncertain_review,yes,,,,,,,lambertian,1.000000 0.000000 0.850000,,,
mat-review_SanDiego_Building_Props_29_Building,SanDiego_Building_Props_29_Building,圣迭戈建筑配件 + 建筑配件 + 建筑 + 道具/小物件,11,SanDiego_Building_Props_29_Building;SanDiego_Building_Props_29_Building_1;SanDiego_Building_Props_29_Building_10;SanDiego_Building_Props_29_Building_2;SanDiego_Building_Props_29_Building_3;SanDiego_Building_Props_29_Building_4;SanDiego_Building_Props_29_Building_5;SanDiego_Building_Props_29_Building_6;SanDiego_Building_Props_29_Building_7;SanDiego_Building_Props_29_Building_8;SanDiego_Building_Props_29_Building_9,mat-review_SanDiego_Building_Props_29_Building;mat-review_SanDiego_Building_Props_29_Building_1;mat-review_SanDiego_Building_Props_29_Building_10;mat-review_SanDiego_Building_Props_29_Building_2;mat-review_SanDiego_Building_Props_29_Building_3;mat-review_SanDiego_Building_Props_29_Building_4;mat-review_SanDiego_Building_Props_29_Building_5;mat-review_SanDiego_Building_Props_29_Building_6;mat-review_SanDiego_Building_Props_29_Building_7;mat-review_SanDiego_Building_Props_29_Building_8;mat-review_SanDiego_Building_Props_29_Building_9,concrete,uncertain_review,yes,,,,,,,lambertian,1.000000 0.000000 0.850000,,,
mat-review_SanDiego_Building_Props_29_Prop,SanDiego_Building_Props_29_Prop,圣迭戈建筑配件 + 建筑配件 + 建筑 + 道具/小物件,1,SanDiego_Building_Props_29_Prop,mat-review_SanDiego_Building_Props_29_Prop,concrete,uncertain_review,yes,,,,,,,lambertian,1.000000 0.000000 0.850000,,,
mat-review_SanDiego_Building_Props_30_Building,SanDiego_Building_Props_30_Building,圣迭戈建筑配件 + 建筑配件 + 建筑 + 道具/小物件,3,SanDiego_Building_Props_30_Building;SanDiego_Building_Props_30_Building_1;SanDiego_Building_Props_30_Building_2,mat-review_SanDiego_Building_Props_30_Building;mat-review_SanDiego_Building_Props_30_Building_1;mat-review_SanDiego_Building_Props_30_Building_2,concrete,uncertain_review,yes,,,,,,,lambertian,1.000000 0.000000 0.850000,,,
mat-review_SanDiego_Building_Props_31_Building,SanDiego_Building_Props_31_Building,圣迭戈建筑配件 + 建筑配件 + 建筑 + 道具/小物件,1,SanDiego_Building_Props_31_Building,mat-review_SanDiego_Building_Props_31_Building,concrete,uncertain_review,yes,,,,,,,lambertian,1.000000 0.000000 0.850000,,,
mat-review_SanDiego_Building_Props_32_Building,SanDiego_Building_Props_32_Building,圣迭戈建筑配件 + 建筑配件 + 建筑 + 道具/小物件,2,SanDiego_Building_Props_32_Building;SanDiego_Building_Props_32_Building_1,mat-review_SanDiego_Building_Props_32_Building;mat-review_SanDiego_Building_Props_32_Building_1,concrete,uncertain_review,yes,,,,,,,lambertian,1.000000 0.000000 0.850000,,,
mat-review_SanDiego_Building_Props_33_Building,SanDiego_Building_Props_33_Building,圣迭戈建筑配件 + 建筑配件 + 建筑 + 道具/小物件,1,SanDiego_Building_Props_33_Building,mat-review_SanDiego_Building_Props_33_Building,concrete,uncertain_review,yes,,,,,,,lambertian,1.000000 0.000000 0.850000,,,
mat-review_SandiegoProps_Prop,SandiegoProps_Prop,道具/小物件,1,SandiegoProps_Prop,mat-review_SandiegoProps_Prop,concrete,uncertain_review,yes,,,,,,,lambertian,1.000000 0.000000 0.850000,,,
mat-review_SharedTexture02_Prop,SharedTexture02_Prop,道具/小物件 + 共享贴图材质,14,SharedTexture02_Prop;SharedTexture02_Prop_1;SharedTexture02_Prop_10;SharedTexture02_Prop_11;SharedTexture02_Prop_12;SharedTexture02_Prop_13;SharedTexture02_Prop_2;SharedTexture02_Prop_3;SharedTexture02_Prop_4;SharedTexture02_Prop_5;SharedTexture02_Prop_6;SharedTexture02_Prop_7;SharedTexture02_Prop_8;SharedTexture02_Prop_9,mat-review_SharedTexture02_Prop;mat-review_SharedTexture02_Prop_1;mat-review_SharedTexture02_Prop_10;mat-review_SharedTexture02_Prop_11;mat-review_SharedTexture02_Prop_12;mat-review_SharedTexture02_Prop_13;mat-review_SharedTexture02_Prop_2;mat-review_SharedTexture02_Prop_3;mat-review_SharedTexture02_Prop_4;mat-review_SharedTexture02_Prop_5;mat-review_SharedTexture02_Prop_6;mat-review_SharedTexture02_Prop_7;mat-review_SharedTexture02_Prop_8;mat-review_SharedTexture02_Prop_9,concrete,uncertain_review,yes,,,,,,,lambertian,1.000000 0.000000 0.850000,,,
mat-review_SharedTexture05Emissive1_Prop,SharedTexture05Emissive1_Prop,道具/小物件 + 自发光 + 共享贴图材质,1,SharedTexture05Emissive1_Prop,mat-review_SharedTexture05Emissive1_Prop,concrete,uncertain_review,yes,,,,,,,lambertian,1.000000 0.000000 0.850000,,,
mat-review_SharedTexture05Emissive_Prop,SharedTexture05Emissive_Prop,道具/小物件 + 自发光 + 共享贴图材质,1,SharedTexture05Emissive_Prop,mat-review_SharedTexture05Emissive_Prop,concrete,uncertain_review,yes,,,,,,,lambertian,1.000000 0.000000 0.850000,,,
mat-review_SharedTexture06_Prop,SharedTexture06_Prop,道具/小物件 + 共享贴图材质,2,SharedTexture06_Prop;SharedTexture06_Prop_1,mat-review_SharedTexture06_Prop;mat-review_SharedTexture06_Prop_1,concrete,uncertain_review,yes,,,,,,,lambertian,1.000000 0.000000 0.850000,,,
mat-review_Sign_OneWay1_Flipped-Back_png_RightOneWaySign,Sign_OneWay1_Flipped-Back_png_RightOneWaySign,交通标志,1,Sign_OneWay1_Flipped-Back_png_RightOneWaySign,mat-review_Sign_OneWay1_Flipped-Back_png_RightOneWaySign,concrete,uncertain_review,yes,,,,,,,lambertian,1.000000 0.000000 0.850000,,,
mat-review_Sign_OneWay1_Flipped_svg_rrx_RightOneWaySign,Sign_OneWay1_Flipped_svg_rrx_RightOneWaySign,交通标志,1,Sign_OneWay1_Flipped_svg_rrx_RightOneWaySign,mat-review_Sign_OneWay1_Flipped_svg_rrx_RightOneWaySign,concrete,uncertain_review,yes,,,,,,,lambertian,1.000000 0.000000 0.850000,,,
mat-review_Sign_R1-1-Back_png_StopSign,Sign_R1-1-Back_png_StopSign,交通标志,1,Sign_R1-1-Back_png_StopSign,mat-review_Sign_R1-1-Back_png_StopSign,concrete,uncertain_review,yes,,,,,,,lambertian,1.000000 0.000000 0.850000,,,
mat-review_Sign_R1-1_svg_StopSign,Sign_R1-1_svg_StopSign,交通标志,1,Sign_R1-1_svg_StopSign,mat-review_Sign_R1-1_svg_StopSign,concrete,uncertain_review,yes,,,,,,,lambertian,1.000000 0.000000 0.850000,,,
mat-review_Sign_R1-5-Back_png_Sign,Sign_R1-5-Back_png_Sign,交通标志,1,Sign_R1-5-Back_png_Sign,mat-review_Sign_R1-5-Back_png_Sign,concrete,uncertain_review,yes,,,,,,,lambertian,1.000000 0.000000 0.850000,,,
mat-review_Sign_R1-5_svg_rrx_Sign,Sign_R1-5_svg_rrx_Sign,交通标志,1,Sign_R1-5_svg_rrx_Sign,mat-review_Sign_R1-5_svg_rrx_Sign,concrete,uncertain_review,yes,,,,,,,lambertian,1.000000 0.000000 0.850000,,,
mat-review_Sign_R4-7c-Back_png_KeepRightSign,Sign_R4-7c-Back_png_KeepRightSign,交通标志,1,Sign_R4-7c-Back_png_KeepRightSign,mat-review_Sign_R4-7c-Back_png_KeepRightSign,concrete,uncertain_review,yes,,,,,,,lambertian,1.000000 0.000000 0.850000,,,
mat-review_Sign_R4-7c_svg_rrx_KeepRightSign,Sign_R4-7c_svg_rrx_KeepRightSign,交通标志,1,Sign_R4-7c_svg_rrx_KeepRightSign,mat-review_Sign_R4-7c_svg_rrx_KeepRightSign,concrete,uncertain_review,yes,,,,,,,lambertian,1.000000 0.000000 0.850000,,,
mat-review_Sign_R5-1-Back_png_Sign,Sign_R5-1-Back_png_Sign,交通标志,1,Sign_R5-1-Back_png_Sign,mat-review_Sign_R5-1-Back_png_Sign,concrete,uncertain_review,yes,,,,,,,lambertian,1.000000 0.000000 0.850000,,,
mat-review_Sign_R5-1_svg_rrx_Sign,Sign_R5-1_svg_rrx_Sign,交通标志,1,Sign_R5-1_svg_rrx_Sign,mat-review_Sign_R5-1_svg_rrx_Sign,concrete,uncertain_review,yes,,,,,,,lambertian,1.000000 0.000000 0.850000,,,
mat-review_Sign_R6-1-Back_png_LeftOneWaySign,Sign_R6-1-Back_png_LeftOneWaySign,交通标志,1,Sign_R6-1-Back_png_LeftOneWaySign,mat-review_Sign_R6-1-Back_png_LeftOneWaySign,concrete,uncertain_review,yes,,,,,,,lambertian,1.000000 0.000000 0.850000,,,
mat-review_Sign_R6-1_svg_rrx_LeftOneWaySign,Sign_R6-1_svg_rrx_LeftOneWaySign,交通标志,1,Sign_R6-1_svg_rrx_LeftOneWaySign,mat-review_Sign_R6-1_svg_rrx_LeftOneWaySign,concrete,uncertain_review,yes,,,,,,,lambertian,1.000000 0.000000 0.850000,,,
mat-review_Sign_R6-2_R-Back_png_RightOneWaySign,Sign_R6-2_R-Back_png_RightOneWaySign,交通标志,1,Sign_R6-2_R-Back_png_RightOneWaySign,mat-review_Sign_R6-2_R-Back_png_RightOneWaySign,concrete,uncertain_review,yes,,,,,,,lambertian,1.000000 0.000000 0.850000,,,
mat-review_Sign_R6-2_R_svg_rrx_RightOneWaySign,Sign_R6-2_R_svg_rrx_RightOneWaySign,交通标志,1,Sign_R6-2_R_svg_rrx_RightOneWaySign,mat-review_Sign_R6-2_R_svg_rrx_RightOneWaySign,concrete,uncertain_review,yes,,,,,,,lambertian,1.000000 0.000000 0.850000,,,
mat-review_Signals_LightsOff01_Diff_png_Signal,Signals_LightsOff01_Diff_png_Signal,交通标志,1,Signals_LightsOff01_Diff_png_Signal,mat-review_Signals_LightsOff01_Diff_png_Signal,concrete,uncertain_review,yes,,,,,,,lambertian,1.000000 0.000000 0.850000,,,
mat-review_Signals_LightsOn01_Diff_png_Signal,Signals_LightsOn01_Diff_png_Signal,交通标志,1,Signals_LightsOn01_Diff_png_Signal,mat-review_Signals_LightsOn01_Diff_png_Signal,concrete,uncertain_review,yes,,,,,,,lambertian,1.000000 0.000000 0.850000,,,
mat-review_SkyScraper_40mx40m_31Story_GraniteGlossy1_Building,SkyScraper_40mx40m_31Story_GraniteGlossy1_Building,建筑 + 摩天楼,1,SkyScraper_40mx40m_31Story_GraniteGlossy1_Building,mat-review_SkyScraper_40mx40m_31Story_GraniteGlossy1_Building,concrete,uncertain_review,yes,,,,,,,lambertian,1.000000 0.000000 0.850000,,,
mat-review_Stone_Trim1_Building,Stone_Trim1_Building,建筑 + 石材装饰边条 + 石材,1,Stone_Trim1_Building,mat-review_Stone_Trim1_Building,concrete,uncertain_review,yes,,,,,,,lambertian,1.000000 0.000000 0.850000,,,
mat-review_Stone_Trim3_Building,Stone_Trim3_Building,建筑 + 石材装饰边条 + 石材,8,Stone_Trim3_Building;Stone_Trim3_Building_1;Stone_Trim3_Building_2;Stone_Trim3_Building_3;Stone_Trim3_Building_4;Stone_Trim3_Building_5;Stone_Trim3_Building_6;Stone_Trim3_Building_7,mat-review_Stone_Trim3_Building;mat-review_Stone_Trim3_Building_1;mat-review_Stone_Trim3_Building_2;mat-review_Stone_Trim3_Building_3;mat-review_Stone_Trim3_Building_4;mat-review_Stone_Trim3_Building_5;mat-review_Stone_Trim3_Building_6;mat-review_Stone_Trim3_Building_7,concrete,uncertain_review,yes,,,,,,,lambertian,1.000000 0.000000 0.850000,,,
mat-review_Stone_Trim3_Prop,Stone_Trim3_Prop,道具/小物件 + 石材装饰边条 + 石材,1,Stone_Trim3_Prop,mat-review_Stone_Trim3_Prop,concrete,uncertain_review,yes,,,,,,,lambertian,1.000000 0.000000 0.850000,,,
mat-review_Stone_Trim4_Building,Stone_Trim4_Building,建筑 + 石材装饰边条 + 石材,4,Stone_Trim4_Building;Stone_Trim4_Building_1;Stone_Trim4_Building_2;Stone_Trim4_Building_3,mat-review_Stone_Trim4_Building;mat-review_Stone_Trim4_Building_1;mat-review_Stone_Trim4_Building_2;mat-review_Stone_Trim4_Building_3,concrete,uncertain_review,yes,,,,,,,lambertian,1.000000 0.000000 0.850000,,,
mat-review_Stone_Trim8_Building,Stone_Trim8_Building,建筑 + 石材装饰边条 + 石材,1,Stone_Trim8_Building,mat-review_Stone_Trim8_Building,concrete,uncertain_review,yes,,,,,,,lambertian,1.000000 0.000000 0.850000,,,
mat-review_Stone_Trim9_Building,Stone_Trim9_Building,建筑 + 石材装饰边条 + 石材,4,Stone_Trim9_Building;Stone_Trim9_Building_1;Stone_Trim9_Building_2;Stone_Trim9_Building_3,mat-review_Stone_Trim9_Building;mat-review_Stone_Trim9_Building_1;mat-review_Stone_Trim9_Building_2;mat-review_Stone_Trim9_Building_3,concrete,uncertain_review,yes,,,,,,,lambertian,1.000000 0.000000 0.850000,,,
mat-review_Stones_Large3_Building,Stones_Large3_Building,建筑 + 大块石材 + 石材,1,Stones_Large3_Building,mat-review_Stones_Large3_Building,concrete,uncertain_review,yes,,,,,,,lambertian,1.000000 0.000000 0.850000,,,
mat-review_Stones_Large7_Building,Stones_Large7_Building,建筑 + 大块石材 + 石材,1,Stones_Large7_Building,mat-review_Stones_Large7_Building,concrete,uncertain_review,yes,,,,,,,lambertian,1.000000 0.000000 0.850000,,,
mat-review_Stones_Large8_Building,Stones_Large8_Building,建筑 + 大块石材 + 石材,1,Stones_Large8_Building,mat-review_Stones_Large8_Building,concrete,uncertain_review,yes,,,,,,,lambertian,1.000000 0.000000 0.850000,,,
mat-review_Stones_Large_Building,Stones_Large_Building,建筑 + 大块石材 + 石材,1,Stones_Large_Building,mat-review_Stones_Large_Building,concrete,uncertain_review,yes,,,,,,,lambertian,1.000000 0.000000 0.850000,,,
mat-review_Trunk_Foliage,Trunk_Foliage,树干/植被 + 树干 + 植被,7,Trunk_Foliage;Trunk_Foliage_1;Trunk_Foliage_2;Trunk_Foliage_3;Trunk_Foliage_4;Trunk_Foliage_5;Trunk_Foliage_6,mat-review_Trunk_Foliage;mat-review_Trunk_Foliage_1;mat-review_Trunk_Foliage_2;mat-review_Trunk_Foliage_3;mat-review_Trunk_Foliage_4;mat-review_Trunk_Foliage_5;mat-review_Trunk_Foliage_6,concrete,uncertain_review,yes,,,,,,,lambertian,1.000000 0.000000 0.850000,,,
mat-review_Urban_Mat_FireHydrantProp,Urban_Mat_FireHydrantProp,道具/小物件 + 城市小物件材质,1,Urban_Mat_FireHydrantProp,mat-review_Urban_Mat_FireHydrantProp,concrete,uncertain_review,yes,,,,,,,lambertian,1.000000 0.000000 0.850000,,,
mat-review_Urban_Mat_Prop,Urban_Mat_Prop,道具/小物件 + 城市小物件材质,12,Urban_Mat_Prop;Urban_Mat_Prop_1;Urban_Mat_Prop_10;Urban_Mat_Prop_11;Urban_Mat_Prop_2;Urban_Mat_Prop_3;Urban_Mat_Prop_4;Urban_Mat_Prop_5;Urban_Mat_Prop_6;Urban_Mat_Prop_7;Urban_Mat_Prop_8;Urban_Mat_Prop_9,mat-review_Urban_Mat_Prop;mat-review_Urban_Mat_Prop_1;mat-review_Urban_Mat_Prop_10;mat-review_Urban_Mat_Prop_11;mat-review_Urban_Mat_Prop_2;mat-review_Urban_Mat_Prop_3;mat-review_Urban_Mat_Prop_4;mat-review_Urban_Mat_Prop_5;mat-review_Urban_Mat_Prop_6;mat-review_Urban_Mat_Prop_7;mat-review_Urban_Mat_Prop_8;mat-review_Urban_Mat_Prop_9,concrete,uncertain_review,yes,,,,,,,lambertian,1.000000 0.000000 0.850000,,,
