visual_material,candidate_sionna_material,old_confidence,old_reason,strict_reason,slot_count,object_count,face_count,texture_files,objects_preview,required_action
Asphalt1_Road,itu_medium_dry_ground,medium,road/asphalt-like surface,road/sidewalk/asphalt-like role; needs project policy,4,4,4181,Asphalt1_Diff.png;Asphalt1_Norm.png;Asphalt1_Spec.png,Roads_Road_Layer0Node;Roads_Road_Layer0_1Node;Roads_Road_Layer0_2Node;Roads_Road_Layer0_3Node,manual confirm or create custom Sionna material
Construction_mat_Prop,itu_concrete,low,unknown material fallback,visual asset/material family needs manual review,1,1,1284,ConstructionProps01_Diff.png;ConstructionProps01_Norm.png;ConstructionProps01_Spec.png,Dumpster_Sm01_PropNode,manual confirm or create custom Sionna material
Emissive_Marble1_Building,stone/custom or itu_concrete,low,generic building material fallback,stone/marble/stucco is not an exact provided Sionna preset,2,2,560,SidingGraniteGlossy_Diff.png;SidingGraniteGlossy_Norm.png;SidingGraniteGlossy_Spec.png,Downtown_30mx30m_Corner_01_5storey0_mesh1_BuildingNode;Downtown_30mx30m_Corner_01_5storey0_mesh1_BuildingNode.001,manual confirm or create custom Sionna material
Emissive_MetalWood_Trim1_Building,itu_metal or itu_wood,high,metal visual material,compound MetalWood visual material; choose policy manually,2,2,84,MetalWood_Trim_Diff.png;MetalWood_Trim_Norm.png;MetalWood_Trim_Spec.png,Downtown_30mx30m_Corner_01_5storey0_mesh1_BuildingNode;Downtown_30mx30m_Corner_01_5storey0_mesh1_BuildingNode.001,manual confirm or create custom Sionna material
Emmissive_LightMarble_Building,stone/custom or itu_concrete,low,generic building material fallback,stone/marble/stucco is not an exact provided Sionna preset,2,2,40,SidingGraniteWeave_Diff.png;SidingGraniteWeave_Spec.png,Downtown_30mx30m_Corner_01_5storey0_mesh1_BuildingNode;Downtown_30mx30m_Corner_01_5storey0_mesh1_BuildingNode.001,manual confirm or create custom Sionna material
Emmissive_SanDiego_Building_Props_03_Building,itu_concrete,low,generic building material fallback,visual asset/material family needs manual review,2,2,768,SanDiego_Building_Props_02_Diff.png;SanDiego_Building_Props_02_Norm.png;SanDiego_Building_Props_02_Spec.png,Downtown_15mX30m_Corner_10storey0_Interior_Emissive0_Bu_c2f;Downtown_15mX30m_Corner_10storey0_Interior_Emissive0_Bu_c2f322e,manual confirm or create custom Sionna material
Emmissive_SidingCalcattaMarble_Building,stone/custom or itu_concrete,low,generic building material fallback,stone/marble/stucco is not an exact provided Sionna preset,2,2,104,SidingCalcattaMarble_Diff.png;SidingCalcattaMarble_Norm.png;SidingCalcattaMarble_Spec.png,Downtown_15mX30m_Corner_10storey0_Interior_Emissive0_Bu_c2f;Downtown_15mX30m_Corner_10storey0_Interior_Emissive0_Bu_c2f322e,manual confirm or create custom Sionna material
Emmissive_SidingVinylPlating_Building,itu_concrete,low,generic building material fallback,visual asset/material family needs manual review,2,2,160,SidingVinylPlating_Diff.png;SidingVinylPlating_Norm.png;SidingVinylPlating_Spec.png,Downtown_15mX30m_Corner_10storey0_Interior_Emissive0_Bu_c2f;Downtown_15mX30m_Corner_10storey0_Interior_Emissive0_Bu_c2f322e,manual confirm or create custom Sionna material
Emmissive_StuccoWall01_Building,stone/custom or itu_concrete,high,concrete/cement visual material,stone/marble/stucco is not an exact provided Sionna preset,2,2,312,StuccoWall01_Diff.png;StuccoWall01_Norm.png;StuccoWall01_Spec.png,Downtown_15mX30m_Corner_10storey0_Interior_Emissive0_Bu_c2f;Downtown_15mX30m_Corner_10storey0_Interior_Emissive0_Bu_c2f322e,manual confirm or create custom Sionna material
Foundation_MAT1_Prop,itu_concrete,high,concrete/cement visual material,no direct physical material keyword; needs manual review,1,1,72,Foundation_Diff_1.png;Foundation_Norm_1.png;Foundation_Spec_1.png,Foundation_mesh_PropNode,manual confirm or create custom Sionna material
Fountain_Water_Tex1_Prop,itu_concrete,low,unknown material fallback,visual asset/material family needs manual review,1,1,240,,Fountain_LoD0_PropNode,manual confirm or create custom Sionna material
Grass1_Ground,itu_medium_dry_ground or vegetation/custom,medium,outdoor ground surface,terrain/ground/tree role needs project policy,2,2,346,Grass1_Diff.png;Grass1_Norm.png;Grass1_Spec.png,Terrain_Ground_Layer0_2Node;Terrain_Ground_Layer0_3Node,manual confirm or create custom Sionna material
InteriorGlow_Building,stone/custom or itu_concrete,medium,stone approximated by concrete,stone/marble/stucco is not an exact provided Sionna preset,3,3,144,SidingStonePatterned_Diff.png;SidingStonePatterned_Norm.png;SidingStonePatterned_Spec.png,Downtown_30mX30m_OffsetHeights0_mesh1_BuildingNode;Downtown_30mX30m_OffsetHeights0_mesh1_BuildingNode.001;Downtown_30mX30m_OffsetHeights0_mesh1_BuildingNode.002,manual confirm or create custom Sionna material
LaneMarking1_Marking,itu_medium_dry_ground,medium,road/asphalt-like surface,road/sidewalk/asphalt-like role; needs project policy,4,4,16177,LaneMarking1_Diff.png;LaneMarking1_Norm.png;LaneMarking1_Spec.png,Roads_Marking_Layer0Node;Roads_Marking_Layer0_1Node;Roads_Marking_Layer0_2Node;Roads_Marking_Layer0_3Node,manual confirm or create custom Sionna material
LaneMarkingYellow1_Marking,itu_medium_dry_ground,medium,road/asphalt-like surface,road/sidewalk/asphalt-like role; needs project policy,3,3,2507,LaneMarking1_Diff.png;LaneMarking1_Norm.png;LaneMarking1_Spec.png,Roads_Marking_Layer0Node;Roads_Marking_Layer0_2Node;Roads_Marking_Layer0_3Node,manual confirm or create custom Sionna material
Leaves1_Prop,vegetation/custom or itu_wood,low,unknown material fallback,vegetation material; needs project policy,1,1,2772,Birch01_Leaves_Diff.png;Birch01_Leaves_Spec.png,Birch01_Leaves_LOD0_geo_PropNode,manual confirm or create custom Sionna material
Leaves3_Prop,vegetation/custom or itu_wood,low,unknown material fallback,vegetation material; needs project policy,18,18,45432,AzaleaHydrangea01_Diff.png;AzaleaHydrangea01_Norm.png;AzaleaHydrangea01_Spec.png,Azalea01_Flowers_LOD0_geo_PropNode;Azalea01_Flowers_LOD0_geo_PropNode.001;Azalea01_Flowers_LOD0_geo_PropNode.002;Azalea01_Flowers_LOD0_geo_PropNode.003;Azalea01_Flowers_LOD0_geo_PropNode.004;Azalea01_Flowers_LOD0_geo_PropNode.005;Azalea01_Flowers_LOD0_geo_PropNode.006;Azalea01_Flowers_LOD0_geo_PropNode.007;Azalea01_Flowers_LOD0_geo_PropNode.008;Azalea01_Leaves_LOD0_geo_PropNode;Azalea01_Leaves_LOD0_geo_PropNode.001;Azalea01_Leaves_LOD0_geo_PropNode.002;Azalea01_Leaves_LOD0_geo_PropNode.003;Azalea01_Leaves_LOD0_geo_PropNode.004;Azalea01_Leaves_LOD0_geo_PropNode.005;Azalea01_Leaves_LOD0_geo_PropNode.006;Azalea01_Leaves_LOD0_geo_PropNode.007;Azalea01_Leaves_LOD0_geo_PropNode.008,manual confirm or create custom Sionna material
Leaves4_Foliage,vegetation/custom or itu_wood,low,unknown material fallback,vegetation material; needs project policy,6,6,1332,EucalyptusLeaves_Diff.png;EucalyptusLeaves_Norm.png;EucalyptusLeaves_Spec.png,Cypress_Sm01_FoliageNode;Cypress_Sm01_FoliageNode.001;Cypress_Sm01_FoliageNode.002;Cypress_Sm01_FoliageNode.003;Cypress_Sm01_FoliageNode.004;Cypress_Sm01_FoliageNode.005,manual confirm or create custom Sionna material
Leaves6_Prop,vegetation/custom or itu_wood,low,unknown material fallback,vegetation material; needs project policy,36,36,94824,AzaleaHydrangea01_Diff.png;AzaleaHydrangea01_Norm.png;AzaleaHydrangea01_Spec.png,Hydrangea01_Flowers_LOD0_geo_PropNode;Hydrangea01_Flowers_LOD0_geo_PropNode.001;Hydrangea01_Flowers_LOD0_geo_PropNode.002;Hydrangea01_Flowers_LOD0_geo_PropNode.003;Hydrangea01_Flowers_LOD0_geo_PropNode.004;Hydrangea01_Flowers_LOD0_geo_PropNode.005;Hydrangea01_Flowers_LOD0_geo_PropNode.006;Hydrangea01_Flowers_LOD0_geo_PropNode.007;Hydrangea01_Flowers_LOD0_geo_PropNode.008;Hydrangea01_Flowers_LOD0_geo_PropNode.009;Hydrangea01_Flowers_LOD0_geo_PropNode.010;Hydrangea01_Flowers_LOD0_geo_PropNode.011;Hydrangea01_Flowers_LOD0_geo_PropNode.012;Hydrangea01_Flowers_LOD0_geo_PropNode.013;Hydrangea01_Flowers_LOD0_geo_PropNode.014;Hydrangea01_Flowers_LOD0_geo_PropNode.015;Hydrangea01_Flowers_LOD0_geo_PropNode.016;Hydrangea01_Flowers_LOD0_geo_PropNode.017;Hydrangea01_Leaves_LOD0_geo_PropNode;Hydrangea01_Leaves_LOD0_geo_PropNode.001,manual confirm or create custom Sionna material
Leaves_Foliage,vegetation/custom or itu_wood,low,unknown material fallback,vegetation material; needs project policy,25,25,850,EucalyptusLeaves_Diff.png;EucalyptusLeaves_Norm.png;EucalyptusLeaves_Spec.png,Bush_Sm03_FoliageNode;Bush_Sm03_FoliageNode.001;Bush_Sm03_FoliageNode.002;Bush_Sm03_FoliageNode.003;Bush_Sm03_FoliageNode.004;Bush_Sm03_FoliageNode.005;Bush_Sm03_FoliageNode.006;Bush_Sm03_FoliageNode.007;Bush_Sm03_FoliageNode.008;Bush_Sm03_FoliageNode.009;Bush_Sm03_FoliageNode.010;Bush_Sm03_FoliageNode.011;Bush_Sm03_FoliageNode.012;Bush_Sm03_FoliageNode.013;Bush_Sm03_FoliageNode.014;Bush_Sm03_FoliageNode.015;Bush_Sm03_FoliageNode.016;Bush_Sm03_FoliageNode.017;Bush_Sm03_FoliageNode.018;Bush_Sm03_FoliageNode.019,manual confirm or create custom Sionna material
Leaves_Foliage_1,vegetation/custom or itu_wood,low,unknown material fallback,vegetation material; needs project policy,1,1,140,EucalyptusLeaves_Diff.png;EucalyptusLeaves_Norm.png;EucalyptusLeaves_Spec.png,Bush_Med05_FoliageNode,manual confirm or create custom Sionna material
Leaves_Foliage_2,vegetation/custom or itu_wood,low,unknown material fallback,vegetation material; needs project policy,31,31,527,EucalyptusLeaves_Diff.png;EucalyptusLeaves_Norm.png;EucalyptusLeaves_Spec.png,Bush_Sm06_FoliageNode;Bush_Sm06_FoliageNode.001;Bush_Sm06_FoliageNode.002;Bush_Sm06_FoliageNode.003;Bush_Sm06_FoliageNode.004;Bush_Sm06_FoliageNode.005;Bush_Sm06_FoliageNode.006;Bush_Sm06_FoliageNode.007;Bush_Sm06_FoliageNode.008;Bush_Sm06_FoliageNode.009;Bush_Sm06_FoliageNode.010;Bush_Sm06_FoliageNode.011;Bush_Sm06_FoliageNode.012;Bush_Sm06_FoliageNode.013;Bush_Sm06_FoliageNode.014;Bush_Sm06_FoliageNode.015;Bush_Sm06_FoliageNode.016;Bush_Sm06_FoliageNode.017;Bush_Sm06_FoliageNode.018;Bush_Sm06_FoliageNode.019,manual confirm or create custom Sionna material
Leaves_Foliage_3,vegetation/custom or itu_wood,low,unknown material fallback,vegetation material; needs project policy,50,50,44225,EucalyptusLeaves_Diff.png;EucalyptusLeaves_Norm.png;EucalyptusLeaves_Spec.png,Eucalyptus_Med03_Leaves_FoliageNode;Eucalyptus_Med03_Leaves_FoliageNode.001;Eucalyptus_Med03_Leaves_FoliageNode.002;Eucalyptus_Med03_Leaves_FoliageNode.003;Eucalyptus_Med03_Leaves_FoliageNode.004;Eucalyptus_Med03_Leaves_FoliageNode.005;Eucalyptus_Med03_Leaves_FoliageNode.006;Eucalyptus_Med03_Leaves_FoliageNode.007;Eucalyptus_Med03_Leaves_FoliageNode.008;Eucalyptus_Med03_Leaves_FoliageNode.009;Eucalyptus_Med03_Leaves_FoliageNode.010;Eucalyptus_Med03_Leaves_FoliageNode.011;Eucalyptus_Med03_Leaves_FoliageNode.012;Eucalyptus_Med03_Leaves_FoliageNode.013;Eucalyptus_Med03_Leaves_FoliageNode.014;Eucalyptus_Med03_Leaves_FoliageNode.015;Eucalyptus_Med03_Leaves_FoliageNode.016;Eucalyptus_Med03_Leaves_FoliageNode.017;Eucalyptus_Med03_Leaves_FoliageNode.018;Eucalyptus_Med03_Leaves_FoliageNode.019,manual confirm or create custom Sionna material
Leaves_Foliage_4,vegetation/custom or itu_wood,low,unknown material fallback,vegetation material; needs project policy,82,82,167198,EucalyptusLeaves_Diff.png;EucalyptusLeaves_Norm.png;EucalyptusLeaves_Spec.png,Eucalyptus_Sm04_Leaves_FoliageNode;Eucalyptus_Sm04_Leaves_FoliageNode.001;Eucalyptus_Sm04_Leaves_FoliageNode.002;Eucalyptus_Sm04_Leaves_FoliageNode.003;Eucalyptus_Sm04_Leaves_FoliageNode.004;Eucalyptus_Sm04_Leaves_FoliageNode.005;Eucalyptus_Sm04_Leaves_FoliageNode.006;Eucalyptus_Sm04_Leaves_FoliageNode.007;Eucalyptus_Sm04_Leaves_FoliageNode.008;Eucalyptus_Sm04_Leaves_FoliageNode.009;Eucalyptus_Sm04_Leaves_FoliageNode.010;Eucalyptus_Sm04_Leaves_FoliageNode.011;Eucalyptus_Sm04_Leaves_FoliageNode.012;Eucalyptus_Sm04_Leaves_FoliageNode.013;Eucalyptus_Sm04_Leaves_FoliageNode.014;Eucalyptus_Sm04_Leaves_FoliageNode.015;Eucalyptus_Sm04_Leaves_FoliageNode.016;Eucalyptus_Sm04_Leaves_FoliageNode.017;Eucalyptus_Sm04_Leaves_FoliageNode.018;Eucalyptus_Sm04_Leaves_FoliageNode.019,manual confirm or create custom Sionna material
Leaves_Foliage_5,vegetation/custom or itu_wood,low,unknown material fallback,vegetation material; needs project policy,146,146,11972,EucalyptusLeaves_Diff.png;EucalyptusLeaves_Norm.png;EucalyptusLeaves_Spec.png,Eucalyptus_Sm01_Leaves_FoliageNode;Eucalyptus_Sm01_Leaves_FoliageNode.001;Eucalyptus_Sm01_Leaves_FoliageNode.002;Eucalyptus_Sm01_Leaves_FoliageNode.003;Eucalyptus_Sm01_Leaves_FoliageNode.004;Eucalyptus_Sm01_Leaves_FoliageNode.005;Eucalyptus_Sm01_Leaves_FoliageNode.006;Eucalyptus_Sm01_Leaves_FoliageNode.007;Eucalyptus_Sm01_Leaves_FoliageNode.008;Eucalyptus_Sm01_Leaves_FoliageNode.009;Eucalyptus_Sm01_Leaves_FoliageNode.010;Eucalyptus_Sm01_Leaves_FoliageNode.011;Eucalyptus_Sm01_Leaves_FoliageNode.012;Eucalyptus_Sm01_Leaves_FoliageNode.013;Eucalyptus_Sm01_Leaves_FoliageNode.014;Eucalyptus_Sm01_Leaves_FoliageNode.015;Eucalyptus_Sm01_Leaves_FoliageNode.016;Eucalyptus_Sm01_Leaves_FoliageNode.017;Eucalyptus_Sm01_Leaves_FoliageNode.018;Eucalyptus_Sm01_Leaves_FoliageNode.019,manual confirm or create custom Sionna material
Leaves_Foliage_6,vegetation/custom or itu_wood,low,unknown material fallback,vegetation material; needs project policy,1,1,10141,CoulterPineLeaves_Diff.png;CoulterPineLeaves_Norm.png;CoulterPineLeaves_Spec.png,CoulPine_Sm01_Leaves_FoliageNode,manual confirm or create custom Sionna material
Leaves_Foliage_7,vegetation/custom or itu_wood,low,unknown material fallback,vegetation material; needs project policy,2,2,1858,EucalyptusLeaves_Diff.png;EucalyptusLeaves_Norm.png;EucalyptusLeaves_Spec.png,Eucalyptus_Sm03_Leaves_FoliageNode;Eucalyptus_Sm03_Leaves_FoliageNode.001,manual confirm or create custom Sionna material
Leaves_Foliage_8,vegetation/custom or itu_wood,low,unknown material fallback,vegetation material; needs project policy,3,3,5922,EucalyptusLeaves_Diff.png;EucalyptusLeaves_Norm.png;EucalyptusLeaves_Spec.png,Eucalyptus_Med02_Leaves_FoliageNode;Eucalyptus_Med02_Leaves_FoliageNode.001;Eucalyptus_Med02_Leaves_FoliageNode.002,manual confirm or create custom Sionna material
Leaves_Foliage_9,vegetation/custom or itu_wood,low,unknown material fallback,vegetation material; needs project policy,1,1,5439,CoulterPineLeaves_Diff.png;CoulterPineLeaves_Norm.png;CoulterPineLeaves_Spec.png,CoulPine_Med01_Leaves_FoliageNode,manual confirm or create custom Sionna material
Light_material_Prop,itu_concrete,low,unknown material fallback,visual asset/material family needs manual review,1,1,268,Signals_Lights01_Diff.png,TrafficCamera01_PropNode,manual confirm or create custom Sionna material
Light_material_Prop_1,itu_concrete,low,unknown material fallback,visual asset/material family needs manual review,5,5,2270,Signals_Lights01_Diff.png,Pole_4Signal_Single01_mesh_PropNode;Pole_4Signal_Single01_mesh_PropNode.001;Pole_4Signal_Single01_mesh_PropNode.002;Pole_4Signal_Single01_mesh_PropNode.003;Pole_4Signal_Single01_mesh_PropNode.004,manual confirm or create custom Sionna material
Light_material_Prop_2,itu_concrete,low,unknown material fallback,visual asset/material family needs manual review,2,2,908,Signals_Lights01_Diff.png,Pole_4Signal_Twin01_mesh_PropNode;Pole_4Signal_Twin01_mesh_PropNode.001,manual confirm or create custom Sionna material
Light_material_Signal,itu_concrete,low,unknown material fallback,visual asset/material family needs manual review,8,8,9456,Signals_Lights01_Diff.png,RootNode_SignalNode;RootNode_SignalNode.001;RootNode_SignalNode.002;RootNode_SignalNode.003;RootNode_SignalNode.004;RootNode_SignalNode.005;RootNode_SignalNode.006;RootNode_SignalNode.007,manual confirm or create custom Sionna material
Light_material_Signal_1,itu_concrete,low,unknown material fallback,visual asset/material family needs manual review,4,4,1072,Signals_Lights01_Diff.png,RootNode_Signal_1Node;RootNode_Signal_1Node.001;RootNode_Signal_1Node.002;RootNode_Signal_1Node.003,manual confirm or create custom Sionna material
Light_material_Signal_2,itu_concrete,low,unknown material fallback,visual asset/material family needs manual review,4,4,1608,Signals_Lights01_Diff.png,RootNode_Signal_2Node;RootNode_Signal_2Node.001;RootNode_Signal_2Node.002;RootNode_Signal_2Node.003,manual confirm or create custom Sionna material
Light_material_Signal_3,itu_concrete,low,unknown material fallback,visual asset/material family needs manual review,8,8,7520,Signals_Lights01_Diff.png,RootNode_Signal_3Node;RootNode_Signal_3Node.001;RootNode_Signal_3Node.002;RootNode_Signal_3Node.003;RootNode_Signal_3Node.004;RootNode_Signal_3Node.005;RootNode_Signal_3Node.006;RootNode_Signal_3Node.007,manual confirm or create custom Sionna material
Light_material_Signal_4,itu_concrete,low,unknown material fallback,visual asset/material family needs manual review,18,18,9540,Signals_Lights01_Diff.png,RootNode_Signal_4Node;RootNode_Signal_4Node.001;RootNode_Signal_4Node.002;RootNode_Signal_4Node.003;RootNode_Signal_4Node.004;RootNode_Signal_4Node.005;RootNode_Signal_4Node.006;RootNode_Signal_4Node.007;RootNode_Signal_4Node.008;RootNode_Signal_4Node.009;RootNode_Signal_4Node.010;RootNode_Signal_4Node.011;RootNode_Signal_4Node.012;RootNode_Signal_4Node.013;RootNode_Signal_4Node.014;RootNode_Signal_4Node.015;RootNode_Signal_4Node.016;RootNode_Signal_4Node.017,manual confirm or create custom Sionna material
Light_material_Signal_5,itu_concrete,low,unknown material fallback,visual asset/material family needs manual review,1,1,402,Signals_Lights01_Diff.png,RootNode_Signal_5Node,manual confirm or create custom Sionna material
Light_material_Signal_6,itu_concrete,low,unknown material fallback,visual asset/material family needs manual review,10,10,6180,Signals_Lights01_Diff.png,RootNode_Signal_6Node;RootNode_Signal_6Node.001;RootNode_Signal_6Node.002;RootNode_Signal_6Node.003;RootNode_Signal_6Node.004;RootNode_Signal_6Node.005;RootNode_Signal_6Node.006;RootNode_Signal_6Node.007;RootNode_Signal_6Node.008;RootNode_Signal_6Node.009,manual confirm or create custom Sionna material
Mailbox_Mat_Prop,itu_concrete,low,unknown material fallback,visual asset/material family needs manual review,3,3,5454,MailboxandClock_Diff.png;MailboxandClock_Norm.png;MailboxandClock_Spec.png,mailbox_PropNode;mailbox_PropNode.001;mailbox_PropNode.002,manual confirm or create custom Sionna material
MetalWood_Trim1_Building,itu_metal or itu_wood,high,metal visual material,compound MetalWood visual material; choose policy manually,3,3,23820,MetalWood_Trim_Diff.png;MetalWood_Trim_Norm.png;MetalWood_Trim_Spec.png,Downtown_30mX30m_OffsetHeights0_mesh1_BuildingNode;Downtown_30mX30m_OffsetHeights0_mesh1_BuildingNode.001;Downtown_30mX30m_OffsetHeights0_mesh1_BuildingNode.002,manual confirm or create custom Sionna material
MetalWood_Trim27_Building,itu_metal or itu_wood,high,metal visual material,compound MetalWood visual material; choose policy manually,2,2,792,MetalWood_Trim_Diff.png;MetalWood_Trim_Norm.png;MetalWood_Trim_Spec.png,Downtown_20mX30m_Corner_02_3storey0_mesh_BuildingNode;Downtown_20mX30m_Corner_02_3storey0_mesh_BuildingNode.001,manual confirm or create custom Sionna material
MetalWood_Trim27_Building_1,itu_metal or itu_wood,high,metal visual material,compound MetalWood visual material; choose policy manually,6,6,1740,MetalWood_Trim_Diff.png;MetalWood_Trim_Norm.png;MetalWood_Trim_Spec.png,Downtown_6mX15m_01_2storey0_mesh1_BuildingNode;Downtown_6mX15m_01_2storey0_mesh1_BuildingNode.001;Downtown_6mX15m_01_2storey0_mesh1_BuildingNode.002;Downtown_6mX15m_01_2storey0_mesh1_BuildingNode.003;Downtown_6mX15m_01_2storey0_mesh1_BuildingNode.004;Downtown_6mX15m_01_2storey0_mesh1_BuildingNode.005,manual confirm or create custom Sionna material
MetalWood_Trim30_Building,itu_metal or itu_wood,high,metal visual material,compound MetalWood visual material; choose policy manually,12,12,36240,MetalWood_Trim_Diff.png;MetalWood_Trim_Norm.png;MetalWood_Trim_Spec.png,Downtown_8mX15m_01_4storey_0_mesh1_BuildingNode;Downtown_8mX15m_01_4storey_0_mesh1_BuildingNode.001;Downtown_8mX15m_01_4storey_0_mesh1_BuildingNode.002;Downtown_8mX15m_01_4storey_0_mesh1_BuildingNode.003;Downtown_8mX15m_01_4storey_0_mesh1_BuildingNode.004;Downtown_8mX15m_01_4storey_0_mesh1_BuildingNode.005;Downtown_8mX15m_01_4storey_0_mesh1_BuildingNode.006;Downtown_8mX15m_01_4storey_0_mesh1_BuildingNode.007;Downtown_8mX15m_01_4storey_0_mesh1_BuildingNode.008;Downtown_8mX15m_01_4storey_0_mesh1_BuildingNode.009;Downtown_8mX15m_01_4storey_0_mesh1_BuildingNode.010;Downtown_8mX15m_01_4storey_0_mesh1_BuildingNode.011,manual confirm or create custom Sionna material
MetalWood_Trim30_Building_1,itu_metal or itu_wood,high,metal visual material,compound MetalWood visual material; choose policy manually,6,6,8364,MetalWood_Trim_Diff.png;MetalWood_Trim_Spec.png,DownTown_6mX15m_02_2storey0_mesh1_BuildingNode;DownTown_6mX15m_02_2storey0_mesh1_BuildingNode.001;DownTown_6mX15m_02_2storey0_mesh1_BuildingNode.002;DownTown_6mX15m_02_2storey0_mesh1_BuildingNode.003;DownTown_6mX15m_02_2storey0_mesh1_BuildingNode.004;DownTown_6mX15m_02_2storey0_mesh1_BuildingNode.005,manual confirm or create custom Sionna material
MetalWood_Trim31_Building,itu_metal or itu_wood,high,metal visual material,compound MetalWood visual material; choose policy manually,5,5,3550,MetalWood_Trim_Diff.png;MetalWood_Trim_Norm.png;MetalWood_Trim_Spec.png,Downtown_8mX15m_02_4storey0_mesh_BuildingNode;Downtown_8mX15m_02_4storey0_mesh_BuildingNode.001;Downtown_8mX15m_02_4storey0_mesh_BuildingNode.002;Downtown_8mX15m_02_4storey0_mesh_BuildingNode.003;Downtown_8mX15m_02_4storey0_mesh_BuildingNode.004,manual confirm or create custom Sionna material
MetalWood_Trim_Building,itu_metal or itu_wood,high,metal visual material,compound MetalWood visual material; choose policy manually,5,5,29750,MetalWood_Trim_Diff.png;MetalWood_Trim_Norm.png;MetalWood_Trim_Spec.png,Downtown_15mX15m_02_5storey0_BuildingNode;Downtown_15mX15m_02_5storey0_BuildingNode.001;Downtown_15mX15m_02_5storey0_BuildingNode.002;Downtown_15mX15m_02_5storey0_BuildingNode.003;Downtown_15mX15m_02_5storey0_BuildingNode.004,manual confirm or create custom Sionna material
MetalWood_Trim_Building_1,itu_metal or itu_wood,high,metal visual material,compound MetalWood visual material; choose policy manually,1,1,67,MetalWood_Trim_Diff.png;MetalWood_Trim_Norm.png;MetalWood_Trim_Spec.png,Downtown_9mX14m_01_1storey_mesh_BuildingNode,manual confirm or create custom Sionna material
MetalWood_Trim_Building_10,itu_metal or itu_wood,high,metal visual material,compound MetalWood visual material; choose policy manually,3,3,17802,MetalWood_Trim_Diff.png;MetalWood_Trim_Norm.png;MetalWood_Trim_Spec.png,Downtown_15mX30m_01_5storey_Mesh0_BuildingNode;Downtown_15mX30m_01_5storey_Mesh0_BuildingNode.001;Downtown_15mX30m_01_5storey_Mesh0_BuildingNode.002,manual confirm or create custom Sionna material
MetalWood_Trim_Building_11,itu_metal or itu_wood,high,metal visual material,compound MetalWood visual material; choose policy manually,4,4,8032,MetalWood_Trim_Diff.png;MetalWood_Trim_Norm.png;MetalWood_Trim_Spec.png,Downtown_14mX15m_Corner_02_5storey0_BuildingNode;Downtown_14mX15m_Corner_02_5storey0_BuildingNode.001;Downtown_14mX15m_Corner_02_5storey0_BuildingNode.002;Downtown_14mX15m_Corner_02_5storey0_BuildingNode.003,manual confirm or create custom Sionna material
MetalWood_Trim_Building_2,itu_metal or itu_wood,high,metal visual material,compound MetalWood visual material; choose policy manually,4,4,680,MetalWood_Trim_Diff.png;MetalWood_Trim_Norm.png;MetalWood_Trim_Spec.png,Downtown_30mX45m_Corner_5storey_mesh_BuildingNode;Downtown_30mX45m_Corner_5storey_mesh_BuildingNode.001;Downtown_30mX45m_Corner_5storey_mesh_BuildingNode.002;Downtown_30mX45m_Corner_5storey_mesh_BuildingNode.003,manual confirm or create custom Sionna material
MetalWood_Trim_Building_3,itu_metal or itu_wood,high,metal visual material,compound MetalWood visual material; choose policy manually,2,2,4224,MetalWood_Trim_Diff.png;MetalWood_Trim_Norm.png;MetalWood_Trim_Spec.png,Downtown_30mx30m_Corner_01_5storey0_mesh1_BuildingNode;Downtown_30mx30m_Corner_01_5storey0_mesh1_BuildingNode.001,manual confirm or create custom Sionna material
MetalWood_Trim_Building_4,itu_metal or itu_wood,high,metal visual material,compound MetalWood visual material; choose policy manually,3,3,900,MetalWood_Trim_Diff.png;MetalWood_Trim_Norm.png;MetalWood_Trim_Spec.png,Downtown_15mX30m_11storey_mesh_BuildingNode;Downtown_15mX30m_11storey_mesh_BuildingNode.001;Downtown_15mX30m_11storey_mesh_BuildingNode.002,manual confirm or create custom Sionna material
MetalWood_Trim_Building_5,itu_metal or itu_wood,high,metal visual material,compound MetalWood visual material; choose policy manually,2,2,3968,MetalWood_Trim_Diff.png;MetalWood_Trim_Norm.png;MetalWood_Trim_Spec.png,Downtown_14mX15m_Corner_01_5storey0_BuildingNode;Downtown_14mX15m_Corner_01_5storey0_BuildingNode.001,manual confirm or create custom Sionna material
MetalWood_Trim_Building_6,itu_metal or itu_wood,high,metal visual material,compound MetalWood visual material; choose policy manually,1,1,3974,MetalWood_Trim_Diff.png;MetalWood_Trim_Norm.png;MetalWood_Trim_Spec.png,Downtown_30mX30m_02_5storey0_mesh_BuildingNode,manual confirm or create custom Sionna material
MetalWood_Trim_Building_7,itu_metal or itu_wood,high,metal visual material,compound MetalWood visual material; choose policy manually,1,1,10998,MetalWood_Trim_Diff.png;MetalWood_Trim_Norm.png;MetalWood_Trim_Spec.png,_30mX30m_8storey_mesh_BuildingNode,manual confirm or create custom Sionna material
MetalWood_Trim_Building_8,itu_metal or itu_wood,high,metal visual material,compound MetalWood visual material; choose policy manually,4,4,1200,MetalWood_Trim_Diff.png;MetalWood_Trim_Norm.png;MetalWood_Trim_Spec.png,Downtown_15mX30m_Corner_10storey0_Interior_Emissive0_Bu_c2f;Downtown_15mX30m_Corner_10storey0_Interior_Emissive0_Bu_c2f322e;Downtown_15mX30m_Corner_10storey0_mesh_BuildingNode;Downtown_15mX30m_Corner_10storey0_mesh_BuildingNode.001,manual confirm or create custom Sionna material
MetalWood_Trim_Building_9,itu_metal or itu_wood,high,metal visual material,compound MetalWood visual material; choose policy manually,1,1,5934,MetalWood_Trim_Diff.png;MetalWood_Trim_Norm.png;MetalWood_Trim_Spec.png,Downtown_15mX15m_01_5storey0_mesh_BuildingNode,manual confirm or create custom Sionna material
MetalWood_Trim_Prop,itu_metal or itu_wood,high,metal visual material,compound MetalWood visual material; choose policy manually,1,1,5934,MetalWood_Trim_Diff.png;MetalWood_Trim_Norm.png;MetalWood_Trim_Spec.png,Downtown_30mx15m_01_5storey0_PropNode,manual confirm or create custom Sionna material
Roof_Asphalt1_Building,itu_medium_dry_ground,medium,road/asphalt-like surface,road/sidewalk/asphalt-like role; needs project policy,3,3,48,Roof_Asphalt_Diff.png;Roof_Asphalt_Norm.png;Roof_Asphalt_Spec.png,Downtown_15mX30m_11storey_mesh_BuildingNode;Downtown_15mX30m_11storey_mesh_BuildingNode.001;Downtown_15mX30m_11storey_mesh_BuildingNode.002,manual confirm or create custom Sionna material
Roof_Asphalt1_Building_1,itu_medium_dry_ground,medium,road/asphalt-like surface,road/sidewalk/asphalt-like role; needs project policy,2,2,72,Roof_Asphalt_Diff.png;Roof_Asphalt_Norm.png;Roof_Asphalt_Spec.png,Downtown_14mX15m_Corner_01_5storey0_BuildingNode;Downtown_14mX15m_Corner_01_5storey0_BuildingNode.001,manual confirm or create custom Sionna material
Roof_Asphalt1_Building_2,itu_medium_dry_ground,medium,road/asphalt-like surface,road/sidewalk/asphalt-like role; needs project policy,1,1,32,Roof_Asphalt_Diff.png;Roof_Asphalt_Norm.png;Roof_Asphalt_Spec.png,Downtown_30mX30m_02_5storey0_mesh_BuildingNode,manual confirm or create custom Sionna material
Roof_Asphalt1_Building_3,itu_medium_dry_ground,medium,road/asphalt-like surface,road/sidewalk/asphalt-like role; needs project policy,4,4,144,Roof_Asphalt_Diff.png;Roof_Asphalt_Norm.png;Roof_Asphalt_Spec.png,Downtown_14mX15m_Corner_02_5storey0_BuildingNode;Downtown_14mX15m_Corner_02_5storey0_BuildingNode.001;Downtown_14mX15m_Corner_02_5storey0_BuildingNode.002;Downtown_14mX15m_Corner_02_5storey0_BuildingNode.003,manual confirm or create custom Sionna material
Roof_Asphalt2_Building,itu_medium_dry_ground,medium,road/asphalt-like surface,road/sidewalk/asphalt-like role; needs project policy,6,6,480,Roof_Asphalt_Diff.png;Roof_Asphalt_Norm.png;Roof_Asphalt_Spec.png,Downtown_6mX15m_01_2storey0_mesh1_BuildingNode;Downtown_6mX15m_01_2storey0_mesh1_BuildingNode.001;Downtown_6mX15m_01_2storey0_mesh1_BuildingNode.002;Downtown_6mX15m_01_2storey0_mesh1_BuildingNode.003;Downtown_6mX15m_01_2storey0_mesh1_BuildingNode.004;Downtown_6mX15m_01_2storey0_mesh1_BuildingNode.005,manual confirm or create custom Sionna material
Roof_Asphalt3_Building,itu_medium_dry_ground,medium,road/asphalt-like surface,road/sidewalk/asphalt-like role; needs project policy,3,3,36,Roof_Asphalt_Diff.png;Roof_Asphalt_Norm.png;Roof_Asphalt_Spec.png,Downtown_30mX30m_OffsetHeights0_mesh1_BuildingNode;Downtown_30mX30m_OffsetHeights0_mesh1_BuildingNode.001;Downtown_30mX30m_OffsetHeights0_mesh1_BuildingNode.002,manual confirm or create custom Sionna material
Roof_Asphalt3_Building_1,itu_medium_dry_ground,medium,road/asphalt-like surface,road/sidewalk/asphalt-like role; needs project policy,6,6,48,Roof_Asphalt_Diff.png;Roof_Asphalt_Spec.png,DownTown_6mX15m_02_2storey0_mesh1_BuildingNode;DownTown_6mX15m_02_2storey0_mesh1_BuildingNode.001;DownTown_6mX15m_02_2storey0_mesh1_BuildingNode.002;DownTown_6mX15m_02_2storey0_mesh1_BuildingNode.003;DownTown_6mX15m_02_2storey0_mesh1_BuildingNode.004;DownTown_6mX15m_02_2storey0_mesh1_BuildingNode.005,manual confirm or create custom Sionna material
Roof_Bitumen1_Building,itu_medium_dry_ground,medium,road/asphalt-like surface,road/sidewalk/asphalt-like role; needs project policy,2,2,98,Roof_Bitumen_Diff.png;Roof_Bitumen_Norm.png;Roof_Bitumen_Spec.png,Downtown_20mX30m_Corner_02_3storey0_mesh_BuildingNode;Downtown_20mX30m_Corner_02_3storey0_mesh_BuildingNode.001,manual confirm or create custom Sionna material
Roof_Bitumen36_Building,itu_medium_dry_ground,medium,road/asphalt-like surface,road/sidewalk/asphalt-like role; needs project policy,5,5,50,Roof_Bitumen_Diff.png;Roof_Bitumen_Norm.png;Roof_Bitumen_Spec.png,Downtown_15mX15m_02_5storey0_BuildingNode;Downtown_15mX15m_02_5storey0_BuildingNode.001;Downtown_15mX15m_02_5storey0_BuildingNode.002;Downtown_15mX15m_02_5storey0_BuildingNode.003;Downtown_15mX15m_02_5storey0_BuildingNode.004,manual confirm or create custom Sionna material
Roof_Bitumen36_Building_1,itu_medium_dry_ground,medium,road/asphalt-like surface,road/sidewalk/asphalt-like role; needs project policy,4,4,392,Roof_Bitumen_Diff.png;Roof_Bitumen_Norm.png;Roof_Bitumen_Spec.png,Downtown_30mX45m_Corner_5storey_mesh_BuildingNode;Downtown_30mX45m_Corner_5storey_mesh_BuildingNode.001;Downtown_30mX45m_Corner_5storey_mesh_BuildingNode.002;Downtown_30mX45m_Corner_5storey_mesh_BuildingNode.003,manual confirm or create custom Sionna material
Roof_Bitumen36_Building_2,itu_medium_dry_ground,medium,road/asphalt-like surface,road/sidewalk/asphalt-like role; needs project policy,3,3,6,Roof_Bitumen_Diff.png;Roof_Bitumen_Norm.png;Roof_Bitumen_Spec.png,Downtown_15mX30m_11storey_mesh_BuildingNode;Downtown_15mX30m_11storey_mesh_BuildingNode.001;Downtown_15mX30m_11storey_mesh_BuildingNode.002,manual confirm or create custom Sionna material
Roof_Bitumen36_Building_3,itu_medium_dry_ground,medium,road/asphalt-like surface,road/sidewalk/asphalt-like role; needs project policy,2,2,4,Roof_Bitumen_Diff.png;Roof_Bitumen_Norm.png;Roof_Bitumen_Spec.png,Downtown_14mX15m_Corner_01_5storey0_BuildingNode;Downtown_14mX15m_Corner_01_5storey0_BuildingNode.001,manual confirm or create custom Sionna material
Roof_Bitumen36_Building_4,itu_medium_dry_ground,medium,road/asphalt-like surface,road/sidewalk/asphalt-like role; needs project policy,1,1,2,Roof_Bitumen_Diff.png;Roof_Bitumen_Norm.png;Roof_Bitumen_Spec.png,Downtown_30mX30m_02_5storey0_mesh_BuildingNode,manual confirm or create custom Sionna material
Roof_Bitumen36_Building_5,itu_medium_dry_ground,medium,road/asphalt-like surface,road/sidewalk/asphalt-like role; needs project policy,1,1,34,Roof_Bitumen_Diff.png;Roof_Bitumen_Norm.png;Roof_Bitumen_Spec.png,_30mX30m_8storey_mesh_BuildingNode,manual confirm or create custom Sionna material
Roof_Bitumen36_Building_6,itu_medium_dry_ground,medium,road/asphalt-like surface,road/sidewalk/asphalt-like role; needs project policy,2,2,76,Roof_Bitumen_Diff.png;Roof_Bitumen_Norm.png;Roof_Bitumen_Spec.png,Downtown_15mX30m_Corner_10storey0_mesh_BuildingNode;Downtown_15mX30m_Corner_10storey0_mesh_BuildingNode.001,manual confirm or create custom Sionna material
Roof_Bitumen36_Building_7,itu_medium_dry_ground,medium,road/asphalt-like surface,road/sidewalk/asphalt-like role; needs project policy,1,1,10,Roof_Bitumen_Diff.png;Roof_Bitumen_Norm.png;Roof_Bitumen_Spec.png,Downtown_15mX15m_01_5storey0_mesh_BuildingNode,manual confirm or create custom Sionna material
Roof_Bitumen36_Building_8,itu_medium_dry_ground,medium,road/asphalt-like surface,road/sidewalk/asphalt-like role; needs project policy,3,3,54,Roof_Bitumen_Diff.png;Roof_Bitumen_Norm.png;Roof_Bitumen_Spec.png,Downtown_15mX30m_01_5storey_Mesh0_BuildingNode;Downtown_15mX30m_01_5storey_Mesh0_BuildingNode.001;Downtown_15mX30m_01_5storey_Mesh0_BuildingNode.002,manual confirm or create custom Sionna material
Roof_Bitumen36_Building_9,itu_medium_dry_ground,medium,road/asphalt-like surface,road/sidewalk/asphalt-like role; needs project policy,4,4,8,Roof_Bitumen_Diff.png;Roof_Bitumen_Norm.png;Roof_Bitumen_Spec.png,Downtown_14mX15m_Corner_02_5storey0_BuildingNode;Downtown_14mX15m_Corner_02_5storey0_BuildingNode.001;Downtown_14mX15m_Corner_02_5storey0_BuildingNode.002;Downtown_14mX15m_Corner_02_5storey0_BuildingNode.003,manual confirm or create custom Sionna material
Roof_Bitumen36_Prop,itu_medium_dry_ground,medium,road/asphalt-like surface,road/sidewalk/asphalt-like role; needs project policy,1,1,18,Roof_Bitumen_Diff.png;Roof_Bitumen_Norm.png;Roof_Bitumen_Spec.png,Downtown_30mx15m_01_5storey0_PropNode,manual confirm or create custom Sionna material
Roof_Bitumen37_Building,itu_medium_dry_ground,medium,road/asphalt-like surface,road/sidewalk/asphalt-like role; needs project policy,3,3,228,Roof_Bitumen_Diff.png;Roof_Bitumen_Norm.png;Roof_Bitumen_Spec.png,Downtown_30mX30m_OffsetHeights0_mesh1_BuildingNode;Downtown_30mX30m_OffsetHeights0_mesh1_BuildingNode.001;Downtown_30mX30m_OffsetHeights0_mesh1_BuildingNode.002,manual confirm or create custom Sionna material
Roof_Bitumen37_Building_1,itu_medium_dry_ground,medium,road/asphalt-like surface,road/sidewalk/asphalt-like role; needs project policy,2,2,64,Roof_Bitumen_Diff.png;Roof_Bitumen_Norm.png;Roof_Bitumen_Spec.png,Downtown_30mx30m_Corner_01_5storey0_mesh1_BuildingNode;Downtown_30mx30m_Corner_01_5storey0_mesh1_BuildingNode.001,manual confirm or create custom Sionna material
Roof_Bitumen4_Building,itu_medium_dry_ground,medium,road/asphalt-like surface,road/sidewalk/asphalt-like role; needs project policy,1,1,6,Roof_Bitumen_Diff.png;Roof_Bitumen_Norm.png;Roof_Bitumen_Spec.png,Downtown_9mX14m_01_1storey_mesh_BuildingNode,manual confirm or create custom Sionna material
Roof_Bitumen4_Building_1,itu_medium_dry_ground,medium,road/asphalt-like surface,road/sidewalk/asphalt-like role; needs project policy,6,6,432,Roof_Bitumen_Diff.png;Roof_Bitumen_Norm.png;Roof_Bitumen_Spec.png,DownTown_6mX15m_02_2storey0_mesh1_BuildingNode;DownTown_6mX15m_02_2storey0_mesh1_BuildingNode.001;DownTown_6mX15m_02_2storey0_mesh1_BuildingNode.002;DownTown_6mX15m_02_2storey0_mesh1_BuildingNode.003;DownTown_6mX15m_02_2storey0_mesh1_BuildingNode.004;DownTown_6mX15m_02_2storey0_mesh1_BuildingNode.005,manual confirm or create custom Sionna material
Roof_Bitumen5_Building,itu_medium_dry_ground,medium,road/asphalt-like surface,road/sidewalk/asphalt-like role; needs project policy,12,12,432,Roof_Bitumen_Diff.png;Roof_Bitumen_Norm.png;Roof_Bitumen_Spec.png,Downtown_8mX15m_01_4storey_0_mesh1_BuildingNode;Downtown_8mX15m_01_4storey_0_mesh1_BuildingNode.001;Downtown_8mX15m_01_4storey_0_mesh1_BuildingNode.002;Downtown_8mX15m_01_4storey_0_mesh1_BuildingNode.003;Downtown_8mX15m_01_4storey_0_mesh1_BuildingNode.004;Downtown_8mX15m_01_4storey_0_mesh1_BuildingNode.005;Downtown_8mX15m_01_4storey_0_mesh1_BuildingNode.006;Downtown_8mX15m_01_4storey_0_mesh1_BuildingNode.007;Downtown_8mX15m_01_4storey_0_mesh1_BuildingNode.008;Downtown_8mX15m_01_4storey_0_mesh1_BuildingNode.009;Downtown_8mX15m_01_4storey_0_mesh1_BuildingNode.010;Downtown_8mX15m_01_4storey_0_mesh1_BuildingNode.011,manual confirm or create custom Sionna material
Roof_Bitumen5_Building_1,itu_medium_dry_ground,medium,road/asphalt-like surface,road/sidewalk/asphalt-like role; needs project policy,5,5,180,Roof_Bitumen_Diff.png;Roof_Bitumen_Norm.png;Roof_Bitumen_Spec.png,Downtown_8mX15m_02_4storey0_mesh_BuildingNode;Downtown_8mX15m_02_4storey0_mesh_BuildingNode.001;Downtown_8mX15m_02_4storey0_mesh_BuildingNode.002;Downtown_8mX15m_02_4storey0_mesh_BuildingNode.003;Downtown_8mX15m_02_4storey0_mesh_BuildingNode.004,manual confirm or create custom Sionna material
SanDiego_Building_Props_01_Prop,itu_concrete,low,generic building material fallback,visual asset/material family needs manual review,6,6,492,SandiegoProps_Diff.png;SandiegoProps_Norm.png;SandiegoProps_Spec.png,Planter01_PropNode;Planter01_PropNode.001;Planter01_PropNode.002;Planter01_PropNode.003;Planter01_PropNode.004;Planter01_PropNode.005,manual confirm or create custom Sionna material
SanDiego_Building_Props_01_Prop_1,itu_concrete,low,generic building material fallback,visual asset/material family needs manual review,2,2,2088,SandiegoProps_Diff.png;SandiegoProps_Norm.png;SandiegoProps_Spec.png,Triangle_Ad_PropNode;Triangle_Ad_PropNode.001,manual confirm or create custom Sionna material
SanDiego_Building_Props_02_Building,itu_concrete,low,generic building material fallback,visual asset/material family needs manual review,3,3,2634,SanDiego_Building_Props_02_Diff.png;SanDiego_Building_Props_02_Norm.png;SanDiego_Building_Props_02_Spec.png,Downtown_15mX30m_11storey_mesh_BuildingNode;Downtown_15mX30m_11storey_mesh_BuildingNode.001;Downtown_15mX30m_11storey_mesh_BuildingNode.002,manual confirm or create custom Sionna material
SanDiego_Building_Props_03_Building,itu_concrete,low,generic building material fallback,visual asset/material family needs manual review,2,2,3836,SanDiego_Building_Props_02_Diff.png;SanDiego_Building_Props_02_Norm.png;SanDiego_Building_Props_02_Spec.png,Downtown_20mX30m_Corner_02_3storey0_mesh_BuildingNode;Downtown_20mX30m_Corner_02_3storey0_mesh_BuildingNode.001,manual confirm or create custom Sionna material
SanDiego_Building_Props_03_Building_1,itu_concrete,low,generic building material fallback,visual asset/material family needs manual review,6,6,24558,SanDiego_Building_Props_02_Diff.png;SanDiego_Building_Props_02_Norm.png;SanDiego_Building_Props_02_Spec.png,Downtown_6mX15m_01_2storey0_mesh1_BuildingNode;Downtown_6mX15m_01_2storey0_mesh1_BuildingNode.001;Downtown_6mX15m_01_2storey0_mesh1_BuildingNode.002;Downtown_6mX15m_01_2storey0_mesh1_BuildingNode.003;Downtown_6mX15m_01_2storey0_mesh1_BuildingNode.004;Downtown_6mX15m_01_2storey0_mesh1_BuildingNode.005,manual confirm or create custom Sionna material
SanDiego_Building_Props_05_Building,itu_concrete,low,generic building material fallback,visual asset/material family needs manual review,2,2,3912,SanDiego_Building_Props_02_Diff.png;SanDiego_Building_Props_02_Norm.png;SanDiego_Building_Props_02_Spec.png,Downtown_15mX30m_Corner_10storey0_Interior_Emissive0_Bu_c2f;Downtown_15mX30m_Corner_10storey0_Interior_Emissive0_Bu_c2f322e,manual confirm or create custom Sionna material
SanDiego_Building_Props_07_Building,itu_concrete,low,generic building material fallback,visual asset/material family needs manual review,2,2,9316,SandiegoProps01_Diff.png;SandiegoProps01_Norm.png;SandiegoProps01_Spec.png,Downtown_14mX15m_Corner_01_5storey0_BuildingNode;Downtown_14mX15m_Corner_01_5storey0_BuildingNode.001,manual confirm or create custom Sionna material
SanDiego_Building_Props_07_Building_1,itu_concrete,low,generic building material fallback,visual asset/material family needs manual review,2,2,3400,SandiegoProps01_Diff.png;SandiegoProps01_Norm.png;SandiegoProps01_Spec.png,Downtown_15mX30m_Corner_10storey0_mesh_BuildingNode;Downtown_15mX30m_Corner_10storey0_mesh_BuildingNode.001,manual confirm or create custom Sionna material
SanDiego_Building_Props_13_Building,itu_concrete,low,generic building material fallback,visual asset/material family needs manual review,4,4,18632,SandiegoProps01_Diff.png;SandiegoProps01_Norm.png;SandiegoProps01_Spec.png,Downtown_14mX15m_Corner_02_5storey0_BuildingNode;Downtown_14mX15m_Corner_02_5storey0_BuildingNode.001;Downtown_14mX15m_Corner_02_5storey0_BuildingNode.002;Downtown_14mX15m_Corner_02_5storey0_BuildingNode.003,manual confirm or create custom Sionna material
SanDiego_Building_Props_19_Building,itu_concrete,low,generic building material fallback,visual asset/material family needs manual review,1,1,2254,SandiegoProps01_Diff.png;SandiegoProps01_Norm.png;SandiegoProps01_Spec.png,Downtown_9mX14m_01_1storey_mesh_BuildingNode,manual confirm or create custom Sionna material
SanDiego_Building_Props_19_Building_1,itu_concrete,low,generic building material fallback,visual asset/material family needs manual review,12,12,63012,SandiegoProps01_Diff.png;SandiegoProps01_Norm.png;SandiegoProps01_Spec.png,Downtown_8mX15m_01_4storey_0_mesh1_BuildingNode;Downtown_8mX15m_01_4storey_0_mesh1_BuildingNode.001;Downtown_8mX15m_01_4storey_0_mesh1_BuildingNode.002;Downtown_8mX15m_01_4storey_0_mesh1_BuildingNode.003;Downtown_8mX15m_01_4storey_0_mesh1_BuildingNode.004;Downtown_8mX15m_01_4storey_0_mesh1_BuildingNode.005;Downtown_8mX15m_01_4storey_0_mesh1_BuildingNode.006;Downtown_8mX15m_01_4storey_0_mesh1_BuildingNode.007;Downtown_8mX15m_01_4storey_0_mesh1_BuildingNode.008;Downtown_8mX15m_01_4storey_0_mesh1_BuildingNode.009;Downtown_8mX15m_01_4storey_0_mesh1_BuildingNode.010;Downtown_8mX15m_01_4storey_0_mesh1_BuildingNode.011,manual confirm or create custom Sionna material
SanDiego_Building_Props_19_Building_2,itu_concrete,low,generic building material fallback,visual asset/material family needs manual review,6,6,42486,SandiegoProps01_Diff.png;SandiegoProps01_Norm.png;SandiegoProps01_Spec.png,Downtown_6mX15m_01_2storey0_mesh1_BuildingNode;Downtown_6mX15m_01_2storey0_mesh1_BuildingNode.001;Downtown_6mX15m_01_2storey0_mesh1_BuildingNode.002;Downtown_6mX15m_01_2storey0_mesh1_BuildingNode.003;Downtown_6mX15m_01_2storey0_mesh1_BuildingNode.004;Downtown_6mX15m_01_2storey0_mesh1_BuildingNode.005,manual confirm or create custom Sionna material
SanDiego_Building_Props_19_Building_3,itu_concrete,low,generic building material fallback,visual asset/material family needs manual review,6,6,25122,SandiegoProps01_Diff.png;SandiegoProps01_Norm.png;SandiegoProps01_Spec.png,DownTown_6mX15m_02_2storey0_mesh1_BuildingNode;DownTown_6mX15m_02_2storey0_mesh1_BuildingNode.001;DownTown_6mX15m_02_2storey0_mesh1_BuildingNode.002;DownTown_6mX15m_02_2storey0_mesh1_BuildingNode.003;DownTown_6mX15m_02_2storey0_mesh1_BuildingNode.004;DownTown_6mX15m_02_2storey0_mesh1_BuildingNode.005,manual confirm or create custom Sionna material
SanDiego_Building_Props_28_Building,itu_concrete,low,generic building material fallback,visual asset/material family needs manual review,2,2,1976,SandiegoProps01_Diff.png;SandiegoProps01_Norm.png;SandiegoProps01_Spec.png,Downtown_20mX30m_Corner_02_3storey0_mesh_BuildingNode;Downtown_20mX30m_Corner_02_3storey0_mesh_BuildingNode.001,manual confirm or create custom Sionna material
SanDiego_Building_Props_29_Building,itu_concrete,low,generic building material fallback,visual asset/material family needs manual review,5,5,15120,SanDiego_Building_Props_02_Diff.png;SanDiego_Building_Props_02_Norm.png;SanDiego_Building_Props_02_Spec.png,Downtown_15mX15m_02_5storey0_BuildingNode;Downtown_15mX15m_02_5storey0_BuildingNode.001;Downtown_15mX15m_02_5storey0_BuildingNode.002;Downtown_15mX15m_02_5storey0_BuildingNode.003;Downtown_15mX15m_02_5storey0_BuildingNode.004,manual confirm or create custom Sionna material
SanDiego_Building_Props_29_Building_1,itu_concrete,low,generic building material fallback,visual asset/material family needs manual review,1,1,3521,SanDiego_Building_Props_02_Diff.png;SanDiego_Building_Props_02_Norm.png;SanDiego_Building_Props_02_Spec.png,Downtown_9mX14m_01_1storey_mesh_BuildingNode,manual confirm or create custom Sionna material
SanDiego_Building_Props_29_Building_10,itu_concrete,low,generic building material fallback,visual asset/material family needs manual review,4,4,1096,SanDiego_Building_Props_02_Diff.png;SanDiego_Building_Props_02_Norm.png;SanDiego_Building_Props_02_Spec.png,Downtown_14mX15m_Corner_02_5storey0_BuildingNode;Downtown_14mX15m_Corner_02_5storey0_BuildingNode.001;Downtown_14mX15m_Corner_02_5storey0_BuildingNode.002;Downtown_14mX15m_Corner_02_5storey0_BuildingNode.003,manual confirm or create custom Sionna material
SanDiego_Building_Props_29_Building_2,itu_concrete,low,generic building material fallback,visual asset/material family needs manual review,12,12,43704,SanDiego_Building_Props_02_Diff.png;SanDiego_Building_Props_02_Norm.png;SanDiego_Building_Props_02_Spec.png,Downtown_8mX15m_01_4storey_0_mesh1_BuildingNode;Downtown_8mX15m_01_4storey_0_mesh1_BuildingNode.001;Downtown_8mX15m_01_4storey_0_mesh1_BuildingNode.002;Downtown_8mX15m_01_4storey_0_mesh1_BuildingNode.003;Downtown_8mX15m_01_4storey_0_mesh1_BuildingNode.004;Downtown_8mX15m_01_4storey_0_mesh1_BuildingNode.005;Downtown_8mX15m_01_4storey_0_mesh1_BuildingNode.006;Downtown_8mX15m_01_4storey_0_mesh1_BuildingNode.007;Downtown_8mX15m_01_4storey_0_mesh1_BuildingNode.008;Downtown_8mX15m_01_4storey_0_mesh1_BuildingNode.009;Downtown_8mX15m_01_4storey_0_mesh1_BuildingNode.010;Downtown_8mX15m_01_4storey_0_mesh1_BuildingNode.011,manual confirm or create custom Sionna material
SanDiego_Building_Props_29_Building_3,itu_concrete,low,generic building material fallback,visual asset/material family needs manual review,3,3,4401,SanDiego_Building_Props_02_Diff.png;SanDiego_Building_Props_02_Norm.png;SanDiego_Building_Props_02_Spec.png,Downtown_30mX30m_OffsetHeights0_mesh1_BuildingNode;Downtown_30mX30m_OffsetHeights0_mesh1_BuildingNode.001;Downtown_30mX30m_OffsetHeights0_mesh1_BuildingNode.002,manual confirm or create custom Sionna material
SanDiego_Building_Props_29_Building_4,itu_concrete,low,generic building material fallback,visual asset/material family needs manual review,2,2,3080,SanDiego_Building_Props_02_Diff.png;SanDiego_Building_Props_02_Norm.png;SanDiego_Building_Props_02_Spec.png,Downtown_30mx30m_Corner_01_5storey0_mesh1_BuildingNode;Downtown_30mx30m_Corner_01_5storey0_mesh1_BuildingNode.001,manual confirm or create custom Sionna material
SanDiego_Building_Props_29_Building_5,itu_concrete,low,generic building material fallback,visual asset/material family needs manual review,2,2,548,SanDiego_Building_Props_02_Diff.png;SanDiego_Building_Props_02_Norm.png;SanDiego_Building_Props_02_Spec.png,Downtown_14mX15m_Corner_01_5storey0_BuildingNode;Downtown_14mX15m_Corner_01_5storey0_BuildingNode.001,manual confirm or create custom Sionna material
SanDiego_Building_Props_29_Building_6,itu_concrete,low,generic building material fallback,visual asset/material family needs manual review,1,1,2054,SanDiego_Building_Props_02_Diff.png;SanDiego_Building_Props_02_Norm.png;SanDiego_Building_Props_02_Spec.png,Downtown_30mX30m_02_5storey0_mesh_BuildingNode,manual confirm or create custom Sionna material
SanDiego_Building_Props_29_Building_7,itu_concrete,low,generic building material fallback,visual asset/material family needs manual review,2,2,16,SanDiego_Building_Props_02_Diff.png;SanDiego_Building_Props_02_Norm.png;SanDiego_Building_Props_02_Spec.png,Downtown_15mX30m_Corner_10storey0_Interior_Emissive0_Bu_c2f;Downtown_15mX30m_Corner_10storey0_Interior_Emissive0_Bu_c2f322e,manual confirm or create custom Sionna material
SanDiego_Building_Props_29_Building_8,itu_concrete,low,generic building material fallback,visual asset/material family needs manual review,1,1,3024,SanDiego_Building_Props_02_Diff.png;SanDiego_Building_Props_02_Norm.png;SanDiego_Building_Props_02_Spec.png,Downtown_15mX15m_01_5storey0_mesh_BuildingNode,manual confirm or create custom Sionna material
SanDiego_Building_Props_29_Building_9,itu_concrete,low,generic building material fallback,visual asset/material family needs manual review,3,3,18396,SanDiego_Building_Props_02_Diff.png;SanDiego_Building_Props_02_Norm.png;SanDiego_Building_Props_02_Spec.png,Downtown_15mX30m_01_5storey_Mesh0_BuildingNode;Downtown_15mX30m_01_5storey_Mesh0_BuildingNode.001;Downtown_15mX30m_01_5storey_Mesh0_BuildingNode.002,manual confirm or create custom Sionna material
SanDiego_Building_Props_29_Prop,itu_concrete,low,generic building material fallback,visual asset/material family needs manual review,1,1,6132,SanDiego_Building_Props_02_Diff.png;SanDiego_Building_Props_02_Norm.png;SanDiego_Building_Props_02_Spec.png,Downtown_30mx15m_01_5storey0_PropNode,manual confirm or create custom Sionna material
SanDiego_Building_Props_30_Building,itu_concrete,low,generic building material fallback,visual asset/material family needs manual review,6,6,16722,SanDiego_Building_Props_02_Diff.png;SanDiego_Building_Props_02_Norm.png;SanDiego_Building_Props_02_Spec.png,DownTown_6mX15m_02_2storey0_mesh1_BuildingNode;DownTown_6mX15m_02_2storey0_mesh1_BuildingNode.001;DownTown_6mX15m_02_2storey0_mesh1_BuildingNode.002;DownTown_6mX15m_02_2storey0_mesh1_BuildingNode.003;DownTown_6mX15m_02_2storey0_mesh1_BuildingNode.004;DownTown_6mX15m_02_2storey0_mesh1_BuildingNode.005,manual confirm or create custom Sionna material
SanDiego_Building_Props_30_Building_1,itu_concrete,low,generic building material fallback,visual asset/material family needs manual review,1,1,5434,SanDiego_Building_Props_02_Diff.png;SanDiego_Building_Props_02_Norm.png;SanDiego_Building_Props_02_Spec.png,_30mX30m_8storey_mesh_BuildingNode,manual confirm or create custom Sionna material
SanDiego_Building_Props_30_Building_2,itu_concrete,low,generic building material fallback,visual asset/material family needs manual review,2,2,5320,SanDiego_Building_Props_02_Diff.png;SanDiego_Building_Props_02_Norm.png;SanDiego_Building_Props_02_Spec.png,Downtown_15mX30m_Corner_10storey0_mesh_BuildingNode;Downtown_15mX30m_Corner_10storey0_mesh_BuildingNode.001,manual confirm or create custom Sionna material
SanDiego_Building_Props_31_Building,itu_concrete,low,generic building material fallback,visual asset/material family needs manual review,3,3,1104,SandiegoProps01_Diff.png;SandiegoProps01_Norm.png;SandiegoProps01_Spec.png,Downtown_30mX30m_OffsetHeights0_mesh1_BuildingNode;Downtown_30mX30m_OffsetHeights0_mesh1_BuildingNode.001;Downtown_30mX30m_OffsetHeights0_mesh1_BuildingNode.002,manual confirm or create custom Sionna material
SanDiego_Building_Props_32_Building,itu_concrete,low,generic building material fallback,visual asset/material family needs manual review,5,5,23955,,Downtown_8mX15m_02_4storey0_mesh_BuildingNode;Downtown_8mX15m_02_4storey0_mesh_BuildingNode.001;Downtown_8mX15m_02_4storey0_mesh_BuildingNode.002;Downtown_8mX15m_02_4storey0_mesh_BuildingNode.003;Downtown_8mX15m_02_4storey0_mesh_BuildingNode.004,manual confirm or create custom Sionna material
SanDiego_Building_Props_32_Building_1,itu_concrete,low,generic building material fallback,visual asset/material family needs manual review,4,4,3992,SanDiego_Building_Props_02_Diff.png;SanDiego_Building_Props_02_Norm.png;SanDiego_Building_Props_02_Spec.png,Downtown_30mX45m_Corner_5storey_mesh_BuildingNode;Downtown_30mX45m_Corner_5storey_mesh_BuildingNode.001;Downtown_30mX45m_Corner_5storey_mesh_BuildingNode.002;Downtown_30mX45m_Corner_5storey_mesh_BuildingNode.003,manual confirm or create custom Sionna material
SanDiego_Building_Props_33_Building,itu_concrete,low,generic building material fallback,visual asset/material family needs manual review,5,5,18750,SanDiego_Building_Props_02_Diff.png;SanDiego_Building_Props_02_Norm.png;SanDiego_Building_Props_02_Spec.png,Downtown_8mX15m_02_4storey0_mesh_BuildingNode;Downtown_8mX15m_02_4storey0_mesh_BuildingNode.001;Downtown_8mX15m_02_4storey0_mesh_BuildingNode.002;Downtown_8mX15m_02_4storey0_mesh_BuildingNode.003;Downtown_8mX15m_02_4storey0_mesh_BuildingNode.004,manual confirm or create custom Sionna material
SandiegoProps_Prop,itu_concrete,low,generic building material fallback,visual asset/material family needs manual review,1,1,368,SanDiego_Building_Props_02_Norm.png;SanDiego_Building_Props_02_Spec.png;SandiegoProps01_Diff.png,Fusebox_Post01_PropNode,manual confirm or create custom Sionna material
SharedTexture02_Prop,itu_concrete,low,unknown material fallback,no direct physical material keyword; needs manual review,1,1,176,Signals_TextureSheet01_Diff.png;Signals_TextureSheet01_Norm.png;Signals_TextureSheet01_Spec.png,TrafficCamera01_PropNode,manual confirm or create custom Sionna material
SharedTexture02_Prop_1,itu_concrete,low,unknown material fallback,no direct physical material keyword; needs manual review,27,27,10476,Signals_TextureSheet01_Diff.png;Signals_TextureSheet01_Norm.png;Signals_TextureSheet01_Spec.png,signal_post_30_mesh_PropNode;signal_post_30_mesh_PropNode.001;signal_post_30_mesh_PropNode.002;signal_post_30_mesh_PropNode.003;signal_post_30_mesh_PropNode.004;signal_post_30_mesh_PropNode.005;signal_post_30_mesh_PropNode.006;signal_post_30_mesh_PropNode.007;signal_post_30_mesh_PropNode.008;signal_post_30_mesh_PropNode.009;signal_post_30_mesh_PropNode.010;signal_post_30_mesh_PropNode.011;signal_post_30_mesh_PropNode.012;signal_post_30_mesh_PropNode.013;signal_post_30_mesh_PropNode.014;signal_post_30_mesh_PropNode.015;signal_post_30_mesh_PropNode.016;signal_post_30_mesh_PropNode.017;signal_post_30_mesh_PropNode.018;signal_post_30_mesh_PropNode.019,manual confirm or create custom Sionna material
SharedTexture02_Prop_10,itu_concrete,low,unknown material fallback,no direct physical material keyword; needs manual review,4,4,144,Signals_TextureSheet01_Diff.png;Signals_TextureSheet01_Norm.png;Signals_TextureSheet01_Spec.png,round_post_Prop_2Node;round_post_Prop_2Node.001;round_post_Prop_2Node.002;round_post_Prop_2Node.003,manual confirm or create custom Sionna material
SharedTexture02_Prop_11,itu_concrete,low,unknown material fallback,no direct physical material keyword; needs manual review,2,2,772,Signals_TextureSheet01_Diff.png;Signals_TextureSheet01_Norm.png;Signals_TextureSheet01_Spec.png,luminaire_mast_arm_15_mesh_PropNode;luminaire_mast_arm_15_mesh_PropNode.001,manual confirm or create custom Sionna material
SharedTexture02_Prop_12,itu_concrete,low,unknown material fallback,no direct physical material keyword; needs manual review,8,8,160,Signals_TextureSheet01_Diff.png;Signals_TextureSheet01_Norm.png;Signals_TextureSheet01_Spec.png,sign_post_10_mesh_PropNode;sign_post_10_mesh_PropNode.001;sign_post_10_mesh_PropNode.002;sign_post_10_mesh_PropNode.003;sign_post_10_mesh_PropNode.004;sign_post_10_mesh_PropNode.005;sign_post_10_mesh_PropNode.006;sign_post_10_mesh_PropNode.007,manual confirm or create custom Sionna material
SharedTexture02_Prop_13,itu_concrete,low,unknown material fallback,no direct physical material keyword; needs manual review,3,3,1158,Signals_TextureSheet01_Diff.png;Signals_TextureSheet01_Norm.png;Signals_TextureSheet01_Spec.png,luminaire_mast_arm_12_mesh_PropNode;luminaire_mast_arm_12_mesh_PropNode.001;luminaire_mast_arm_12_mesh_PropNode.002,manual confirm or create custom Sionna material
SharedTexture02_Prop_2,itu_concrete,low,unknown material fallback,no direct physical material keyword; needs manual review,6,6,2508,Signals_TextureSheet01_Diff.png;Signals_TextureSheet01_Norm.png;Signals_TextureSheet01_Spec.png,signal_mast_arm_20_mesh_PropNode;signal_mast_arm_20_mesh_PropNode.001;signal_mast_arm_20_mesh_PropNode.002;signal_mast_arm_20_mesh_PropNode.003;signal_mast_arm_20_mesh_PropNode.004;signal_mast_arm_20_mesh_PropNode.005,manual confirm or create custom Sionna material
SharedTexture02_Prop_3,itu_concrete,low,unknown material fallback,no direct physical material keyword; needs manual review,5,5,1910,Signals_TextureSheet01_Diff.png;Signals_TextureSheet01_Norm.png;Signals_TextureSheet01_Spec.png,luminaire_mast_arm_6_mesh_PropNode;luminaire_mast_arm_6_mesh_PropNode.001;luminaire_mast_arm_6_mesh_PropNode.002;luminaire_mast_arm_6_mesh_PropNode.003;luminaire_mast_arm_6_mesh_PropNode.004,manual confirm or create custom Sionna material
SharedTexture02_Prop_4,itu_concrete,low,unknown material fallback,no direct physical material keyword; needs manual review,5,5,1930,Signals_TextureSheet01_Diff.png;Signals_TextureSheet01_Norm.png;Signals_TextureSheet01_Spec.png,luminaire_mast_arm_10_mesh_PropNode;luminaire_mast_arm_10_mesh_PropNode.001;luminaire_mast_arm_10_mesh_PropNode.002;luminaire_mast_arm_10_mesh_PropNode.003;luminaire_mast_arm_10_mesh_PropNode.004,manual confirm or create custom Sionna material
SharedTexture02_Prop_5,itu_concrete,low,unknown material fallback,no direct physical material keyword; needs manual review,4,4,1528,Signals_TextureSheet01_Diff.png;Signals_TextureSheet01_Norm.png;Signals_TextureSheet01_Spec.png,signal_post_12_mesh_PropNode;signal_post_12_mesh_PropNode.001;signal_post_12_mesh_PropNode.002;signal_post_12_mesh_PropNode.003,manual confirm or create custom Sionna material
SharedTexture02_Prop_6,itu_concrete,low,unknown material fallback,no direct physical material keyword; needs manual review,4,4,144,Signals_TextureSheet01_Diff.png;Signals_TextureSheet01_Norm.png;Signals_TextureSheet01_Spec.png,round_post_PropNode;round_post_PropNode.001;round_post_PropNode.002;round_post_PropNode.003,manual confirm or create custom Sionna material
SharedTexture02_Prop_7,itu_concrete,low,unknown material fallback,no direct physical material keyword; needs manual review,2,2,72,Signals_TextureSheet01_Diff.png;Signals_TextureSheet01_Norm.png;Signals_TextureSheet01_Spec.png,round_post_Prop_1Node;round_post_Prop_1Node.001,manual confirm or create custom Sionna material
SharedTexture02_Prop_8,itu_concrete,low,unknown material fallback,no direct physical material keyword; needs manual review,12,12,4656,Signals_TextureSheet01_Diff.png;Signals_TextureSheet01_Norm.png;Signals_TextureSheet01_Spec.png,signal_post_17ft_mesh_PropNode;signal_post_17ft_mesh_PropNode.001;signal_post_17ft_mesh_PropNode.002;signal_post_17ft_mesh_PropNode.003;signal_post_17ft_mesh_PropNode.004;signal_post_17ft_mesh_PropNode.005;signal_post_17ft_mesh_PropNode.006;signal_post_17ft_mesh_PropNode.007;signal_post_17ft_mesh_PropNode.008;signal_post_17ft_mesh_PropNode.009;signal_post_17ft_mesh_PropNode.010;signal_post_17ft_mesh_PropNode.011,manual confirm or create custom Sionna material
SharedTexture02_Prop_9,itu_concrete,low,unknown material fallback,no direct physical material keyword; needs manual review,24,24,9264,Signals_TextureSheet01_Diff.png;Signals_TextureSheet01_Norm.png;Signals_TextureSheet01_Spec.png,luminaire_mast_arm_8_mesh_PropNode;luminaire_mast_arm_8_mesh_PropNode.001;luminaire_mast_arm_8_mesh_PropNode.002;luminaire_mast_arm_8_mesh_PropNode.003;luminaire_mast_arm_8_mesh_PropNode.004;luminaire_mast_arm_8_mesh_PropNode.005;luminaire_mast_arm_8_mesh_PropNode.006;luminaire_mast_arm_8_mesh_PropNode.007;luminaire_mast_arm_8_mesh_PropNode.008;luminaire_mast_arm_8_mesh_PropNode.009;luminaire_mast_arm_8_mesh_PropNode.010;luminaire_mast_arm_8_mesh_PropNode.011;luminaire_mast_arm_8_mesh_PropNode.012;luminaire_mast_arm_8_mesh_PropNode.013;luminaire_mast_arm_8_mesh_PropNode.014;luminaire_mast_arm_8_mesh_PropNode.015;luminaire_mast_arm_8_mesh_PropNode.016;luminaire_mast_arm_8_mesh_PropNode.017;luminaire_mast_arm_8_mesh_PropNode.018;luminaire_mast_arm_8_mesh_PropNode.019,manual confirm or create custom Sionna material
SharedTexture05Emissive1_Prop,itu_concrete,low,unknown material fallback,no direct physical material keyword; needs manual review,27,27,1296,Signals_TextureSheet01_Diff.png;Signals_TextureSheet01_Norm.png;Signals_TextureSheet01_Spec.png,Luminaire_Head01_mesh_PropNode;Luminaire_Head01_mesh_PropNode.001;Luminaire_Head01_mesh_PropNode.002;Luminaire_Head01_mesh_PropNode.003;Luminaire_Head01_mesh_PropNode.004;Luminaire_Head01_mesh_PropNode.005;Luminaire_Head01_mesh_PropNode.006;Luminaire_Head01_mesh_PropNode.007;Luminaire_Head01_mesh_PropNode.008;Luminaire_Head01_mesh_PropNode.009;Luminaire_Head01_mesh_PropNode.010;Luminaire_Head01_mesh_PropNode.011;Luminaire_Head01_mesh_PropNode.012;Luminaire_Head01_mesh_PropNode.013;Luminaire_Head01_mesh_PropNode.014;Luminaire_Head01_mesh_PropNode.015;Luminaire_Head01_mesh_PropNode.016;Luminaire_Head01_mesh_PropNode.017;Luminaire_Head01_mesh_PropNode.018;Luminaire_Head01_mesh_PropNode.019,manual confirm or create custom Sionna material
SharedTexture05Emissive_Prop,itu_concrete,low,unknown material fallback,no direct physical material keyword; needs manual review,7,7,700,Signals_TextureSheet01_Diff.png;Signals_TextureSheet01_Norm.png;Signals_TextureSheet01_Spec.png,Luminaire_Head04_mesh_PropNode;Luminaire_Head04_mesh_PropNode.001;Luminaire_Head04_mesh_PropNode.002;Luminaire_Head04_mesh_PropNode.003;Luminaire_Head04_mesh_PropNode.004;Luminaire_Head04_mesh_PropNode.005;Luminaire_Head04_mesh_PropNode.006,manual confirm or create custom Sionna material
SharedTexture06_Prop,itu_concrete,low,unknown material fallback,no direct physical material keyword; needs manual review,27,27,4860,Signals_TextureSheet01_Diff.png;Signals_TextureSheet01_Norm.png;Signals_TextureSheet01_Spec.png,Luminaire_Head01_mesh_PropNode;Luminaire_Head01_mesh_PropNode.001;Luminaire_Head01_mesh_PropNode.002;Luminaire_Head01_mesh_PropNode.003;Luminaire_Head01_mesh_PropNode.004;Luminaire_Head01_mesh_PropNode.005;Luminaire_Head01_mesh_PropNode.006;Luminaire_Head01_mesh_PropNode.007;Luminaire_Head01_mesh_PropNode.008;Luminaire_Head01_mesh_PropNode.009;Luminaire_Head01_mesh_PropNode.010;Luminaire_Head01_mesh_PropNode.011;Luminaire_Head01_mesh_PropNode.012;Luminaire_Head01_mesh_PropNode.013;Luminaire_Head01_mesh_PropNode.014;Luminaire_Head01_mesh_PropNode.015;Luminaire_Head01_mesh_PropNode.016;Luminaire_Head01_mesh_PropNode.017;Luminaire_Head01_mesh_PropNode.018;Luminaire_Head01_mesh_PropNode.019,manual confirm or create custom Sionna material
SharedTexture06_Prop_1,itu_concrete,low,unknown material fallback,no direct physical material keyword; needs manual review,7,7,4102,Signals_TextureSheet01_Diff.png;Signals_TextureSheet01_Norm.png;Signals_TextureSheet01_Spec.png,Luminaire_Head04_mesh_PropNode;Luminaire_Head04_mesh_PropNode.001;Luminaire_Head04_mesh_PropNode.002;Luminaire_Head04_mesh_PropNode.003;Luminaire_Head04_mesh_PropNode.004;Luminaire_Head04_mesh_PropNode.005;Luminaire_Head04_mesh_PropNode.006,manual confirm or create custom Sionna material
Sign_OneWay1_Flipped-Back.png_RightOneWaySign,itu_concrete,low,unknown material fallback,no direct physical material keyword; needs manual review,38,38,76,Sign_OneWay1_Flipped-Back.png,Sign_OneWay1_Flipped_0_RightOneWaySignNode;Sign_OneWay1_Flipped_0_RightOneWaySignNode.001;Sign_OneWay1_Flipped_0_RightOneWaySignNode.002;Sign_OneWay1_Flipped_0_RightOneWaySignNode.003;Sign_OneWay1_Flipped_0_RightOneWaySignNode.004;Sign_OneWay1_Flipped_0_RightOneWaySignNode.005;Sign_OneWay1_Flipped_0_RightOneWaySignNode.006;Sign_OneWay1_Flipped_0_RightOneWaySignNode.007;Sign_OneWay1_Flipped_0_RightOneWaySignNode.008;Sign_OneWay1_Flipped_0_RightOneWaySignNode.009;Sign_OneWay1_Flipped_0_RightOneWaySignNode.010;Sign_OneWay1_Flipped_0_RightOneWaySignNode.011;Sign_OneWay1_Flipped_0_RightOneWaySignNode.012;Sign_OneWay1_Flipped_0_RightOneWaySignNode.013;Sign_OneWay1_Flipped_0_RightOneWaySignNode.014;Sign_OneWay1_Flipped_0_RightOneWaySignNode.015;Sign_OneWay1_Flipped_0_RightOneWaySignNode.016;Sign_OneWay1_Flipped_0_RightOneWaySignNode.017;Sign_OneWay1_Flipped_0_RightOneWaySignNode.018;Sign_OneWay1_Flipped_0_RightOneWaySignNode.019,manual confirm or create custom Sionna material
Sign_OneWay1_Flipped.svg_rrx_RightOneWaySign,itu_concrete,low,unknown material fallback,no direct physical material keyword; needs manual review,38,38,76,Sign_OneWay1_Flipped.png,Sign_OneWay1_Flipped_0_RightOneWaySignNode;Sign_OneWay1_Flipped_0_RightOneWaySignNode.001;Sign_OneWay1_Flipped_0_RightOneWaySignNode.002;Sign_OneWay1_Flipped_0_RightOneWaySignNode.003;Sign_OneWay1_Flipped_0_RightOneWaySignNode.004;Sign_OneWay1_Flipped_0_RightOneWaySignNode.005;Sign_OneWay1_Flipped_0_RightOneWaySignNode.006;Sign_OneWay1_Flipped_0_RightOneWaySignNode.007;Sign_OneWay1_Flipped_0_RightOneWaySignNode.008;Sign_OneWay1_Flipped_0_RightOneWaySignNode.009;Sign_OneWay1_Flipped_0_RightOneWaySignNode.010;Sign_OneWay1_Flipped_0_RightOneWaySignNode.011;Sign_OneWay1_Flipped_0_RightOneWaySignNode.012;Sign_OneWay1_Flipped_0_RightOneWaySignNode.013;Sign_OneWay1_Flipped_0_RightOneWaySignNode.014;Sign_OneWay1_Flipped_0_RightOneWaySignNode.015;Sign_OneWay1_Flipped_0_RightOneWaySignNode.016;Sign_OneWay1_Flipped_0_RightOneWaySignNode.017;Sign_OneWay1_Flipped_0_RightOneWaySignNode.018;Sign_OneWay1_Flipped_0_RightOneWaySignNode.019,manual confirm or create custom Sionna material
Sign_R1-1-Back.png_StopSign,itu_concrete,low,unknown material fallback,no direct physical material keyword; needs manual review,10,10,20,Sign_R1-1-Back.png,Sign_R1-1_0_StopSignNode;Sign_R1-1_0_StopSignNode.001;Sign_R1-1_0_StopSignNode.002;Sign_R1-1_0_StopSignNode.003;Sign_R1-1_0_StopSignNode.004;Sign_R1-1_0_StopSignNode.005;Sign_R1-1_0_StopSignNode.006;Sign_R1-1_0_StopSignNode.007;Sign_R1-1_0_StopSignNode.008;Sign_R1-1_0_StopSignNode.009,manual confirm or create custom Sionna material
Sign_R1-1.svg_StopSign,itu_concrete,low,unknown material fallback,no direct physical material keyword; needs manual review,10,10,20,Sign_R1-1.png,Sign_R1-1_0_StopSignNode;Sign_R1-1_0_StopSignNode.001;Sign_R1-1_0_StopSignNode.002;Sign_R1-1_0_StopSignNode.003;Sign_R1-1_0_StopSignNode.004;Sign_R1-1_0_StopSignNode.005;Sign_R1-1_0_StopSignNode.006;Sign_R1-1_0_StopSignNode.007;Sign_R1-1_0_StopSignNode.008;Sign_R1-1_0_StopSignNode.009,manual confirm or create custom Sionna material
Sign_R1-5-Back.png_Sign,itu_concrete,low,unknown material fallback,no direct physical material keyword; needs manual review,1,1,2,Sign_R1-5-Back.png,Sign_R1-5_0_SignNode,manual confirm or create custom Sionna material
Sign_R1-5.svg_rrx_Sign,itu_concrete,low,unknown material fallback,no direct physical material keyword; needs manual review,1,1,2,Sign_R1-5.png,Sign_R1-5_0_SignNode,manual confirm or create custom Sionna material
Sign_R4-7c-Back.png_KeepRightSign,itu_concrete,low,unknown material fallback,no direct physical material keyword; needs manual review,1,1,2,Sign_R4-7c-Back.png,Sign_R4-7c_0_KeepRightSignNode,manual confirm or create custom Sionna material
Sign_R4-7c.svg_rrx_KeepRightSign,itu_concrete,low,unknown material fallback,no direct physical material keyword; needs manual review,1,1,2,Sign_R4-7c.png,Sign_R4-7c_0_KeepRightSignNode,manual confirm or create custom Sionna material
Sign_R5-1-Back.png_Sign,itu_concrete,low,unknown material fallback,no direct physical material keyword; needs manual review,2,2,4,Sign_R5-1-Back.png,Sign_R5-1_0_SignNode;Sign_R5-1_0_SignNode.001,manual confirm or create custom Sionna material
Sign_R5-1.svg_rrx_Sign,itu_concrete,low,unknown material fallback,no direct physical material keyword; needs manual review,2,2,4,Sign_R5-1.png,Sign_R5-1_0_SignNode;Sign_R5-1_0_SignNode.001,manual confirm or create custom Sionna material
Sign_R6-1-Back.png_LeftOneWaySign,itu_concrete,low,unknown material fallback,no direct physical material keyword; needs manual review,35,35,70,Sign_R6-1-Back.png,Sign_R6-1_0_LeftOneWaySignNode;Sign_R6-1_0_LeftOneWaySignNode.001;Sign_R6-1_0_LeftOneWaySignNode.002;Sign_R6-1_0_LeftOneWaySignNode.003;Sign_R6-1_0_LeftOneWaySignNode.004;Sign_R6-1_0_LeftOneWaySignNode.005;Sign_R6-1_0_LeftOneWaySignNode.006;Sign_R6-1_0_LeftOneWaySignNode.007;Sign_R6-1_0_LeftOneWaySignNode.008;Sign_R6-1_0_LeftOneWaySignNode.009;Sign_R6-1_0_LeftOneWaySignNode.010;Sign_R6-1_0_LeftOneWaySignNode.011;Sign_R6-1_0_LeftOneWaySignNode.012;Sign_R6-1_0_LeftOneWaySignNode.013;Sign_R6-1_0_LeftOneWaySignNode.014;Sign_R6-1_0_LeftOneWaySignNode.015;Sign_R6-1_0_LeftOneWaySignNode.016;Sign_R6-1_0_LeftOneWaySignNode.017;Sign_R6-1_0_LeftOneWaySignNode.018;Sign_R6-1_0_LeftOneWaySignNode.019,manual confirm or create custom Sionna material
Sign_R6-1.svg_rrx_LeftOneWaySign,itu_concrete,low,unknown material fallback,no direct physical material keyword; needs manual review,35,35,70,Sign_R6-1.png,Sign_R6-1_0_LeftOneWaySignNode;Sign_R6-1_0_LeftOneWaySignNode.001;Sign_R6-1_0_LeftOneWaySignNode.002;Sign_R6-1_0_LeftOneWaySignNode.003;Sign_R6-1_0_LeftOneWaySignNode.004;Sign_R6-1_0_LeftOneWaySignNode.005;Sign_R6-1_0_LeftOneWaySignNode.006;Sign_R6-1_0_LeftOneWaySignNode.007;Sign_R6-1_0_LeftOneWaySignNode.008;Sign_R6-1_0_LeftOneWaySignNode.009;Sign_R6-1_0_LeftOneWaySignNode.010;Sign_R6-1_0_LeftOneWaySignNode.011;Sign_R6-1_0_LeftOneWaySignNode.012;Sign_R6-1_0_LeftOneWaySignNode.013;Sign_R6-1_0_LeftOneWaySignNode.014;Sign_R6-1_0_LeftOneWaySignNode.015;Sign_R6-1_0_LeftOneWaySignNode.016;Sign_R6-1_0_LeftOneWaySignNode.017;Sign_R6-1_0_LeftOneWaySignNode.018;Sign_R6-1_0_LeftOneWaySignNode.019,manual confirm or create custom Sionna material
Sign_R6-2_R-Back.png_RightOneWaySign,itu_concrete,low,unknown material fallback,no direct physical material keyword; needs manual review,1,1,2,Sign_R6-2_R-Back.png,Sign_R6-2_R_0_RightOneWaySignNode,manual confirm or create custom Sionna material
Sign_R6-2_R.svg_rrx_RightOneWaySign,itu_concrete,low,unknown material fallback,no direct physical material keyword; needs manual review,1,1,2,Sign_R6-2_R.png,Sign_R6-2_R_0_RightOneWaySignNode,manual confirm or create custom Sionna material
Signals_LightsOff01_Diff.png_Signal,itu_concrete,low,unknown material fallback,no direct physical material keyword; needs manual review,99,99,5892,Signals_LightsOff01_Diff.png,light_green_off_SignalNode;light_green_off_SignalNode.001;light_green_off_SignalNode.002;light_green_off_SignalNode.003;light_green_off_SignalNode.004;light_green_off_SignalNode.005;light_green_off_SignalNode.006;light_green_off_SignalNode.007;light_green_off_Signal_1Node;light_green_off_Signal_1Node.001;light_green_off_Signal_1Node.002;light_green_off_Signal_1Node.003;light_green_off_Signal_2Node;light_green_off_Signal_3Node;light_green_off_Signal_3Node.001;light_green_off_Signal_3Node.002;light_green_off_Signal_3Node.003;light_green_off_Signal_3Node.004;light_green_off_Signal_3Node.005;light_green_off_Signal_3Node.006,manual confirm or create custom Sionna material
Signals_LightsOn01_Diff.png_Signal,itu_concrete,low,unknown material fallback,no direct physical material keyword; needs manual review,99,99,5892,Signals_LightsOn01_Diff.png,light_green_on_SignalNode;light_green_on_SignalNode.001;light_green_on_SignalNode.002;light_green_on_SignalNode.003;light_green_on_SignalNode.004;light_green_on_SignalNode.005;light_green_on_SignalNode.006;light_green_on_SignalNode.007;light_green_on_Signal_1Node;light_green_on_Signal_1Node.001;light_green_on_Signal_1Node.002;light_green_on_Signal_1Node.003;light_green_on_Signal_2Node;light_green_on_Signal_3Node;light_green_on_Signal_3Node.001;light_green_on_Signal_3Node.002;light_green_on_Signal_3Node.003;light_green_on_Signal_3Node.004;light_green_on_Signal_3Node.005;light_green_on_Signal_3Node.006,manual confirm or create custom Sionna material
SkyScraper_40mx40m_31Story:GraniteGlossy1_Building,stone/custom or itu_concrete,low,generic building material fallback,stone/marble/stucco is not an exact provided Sionna preset,3,3,144,SidingGraniteGlossy_Diff.png;SidingGraniteGlossy_Spec.png,Downtown_30mX30m_OffsetHeights0_mesh1_BuildingNode;Downtown_30mX30m_OffsetHeights0_mesh1_BuildingNode.001;Downtown_30mX30m_OffsetHeights0_mesh1_BuildingNode.002,manual confirm or create custom Sionna material
Stone_Trim1_Building,stone/custom or itu_concrete,medium,stone approximated by concrete,stone/marble/stucco is not an exact provided Sionna preset,2,2,896,Stone_Trim_Diff.png;Stone_Trim_Norm.png;Stone_Trim_Spec.png,Downtown_20mX30m_Corner_02_3storey0_mesh_BuildingNode;Downtown_20mX30m_Corner_02_3storey0_mesh_BuildingNode.001,manual confirm or create custom Sionna material
Stone_Trim3_Building,stone/custom or itu_concrete,medium,stone approximated by concrete,stone/marble/stucco is not an exact provided Sionna preset,5,5,4300,Stone_Trim_Diff.png;Stone_Trim_Norm.png;Stone_Trim_Spec.png,Downtown_15mX15m_02_5storey0_BuildingNode;Downtown_15mX15m_02_5storey0_BuildingNode.001;Downtown_15mX15m_02_5storey0_BuildingNode.002;Downtown_15mX15m_02_5storey0_BuildingNode.003;Downtown_15mX15m_02_5storey0_BuildingNode.004,manual confirm or create custom Sionna material
Stone_Trim3_Building_1,stone/custom or itu_concrete,medium,stone approximated by concrete,stone/marble/stucco is not an exact provided Sionna preset,3,3,4068,Stone_Trim_Diff.png;Stone_Trim_Norm.png;Stone_Trim_Spec.png,Downtown_15mX30m_11storey_mesh_BuildingNode;Downtown_15mX30m_11storey_mesh_BuildingNode.001;Downtown_15mX30m_11storey_mesh_BuildingNode.002,manual confirm or create custom Sionna material
Stone_Trim3_Building_2,stone/custom or itu_concrete,medium,stone approximated by concrete,stone/marble/stucco is not an exact provided Sionna preset,2,2,1436,Stone_Trim_Diff.png;Stone_Trim_Norm.png;Stone_Trim_Spec.png,Downtown_14mX15m_Corner_01_5storey0_BuildingNode;Downtown_14mX15m_Corner_01_5storey0_BuildingNode.001,manual confirm or create custom Sionna material
Stone_Trim3_Building_3,stone/custom or itu_concrete,medium,stone approximated by concrete,stone/marble/stucco is not an exact provided Sionna preset,1,1,2186,Stone_Trim_Diff.png;Stone_Trim_Norm.png;Stone_Trim_Spec.png,_30mX30m_8storey_mesh_BuildingNode,manual confirm or create custom Sionna material
Stone_Trim3_Building_4,stone/custom or itu_concrete,medium,stone approximated by concrete,stone/marble/stucco is not an exact provided Sionna preset,2,2,8390,Stone_Trim_Diff.png;Stone_Trim_Norm.png;Stone_Trim_Spec.png,Downtown_15mX30m_Corner_10storey0_mesh_BuildingNode;Downtown_15mX30m_Corner_10storey0_mesh_BuildingNode.001,manual confirm or create custom Sionna material
Stone_Trim3_Building_5,stone/custom or itu_concrete,medium,stone approximated by concrete,stone/marble/stucco is not an exact provided Sionna preset,1,1,860,Stone_Trim_Diff.png;Stone_Trim_Norm.png;Stone_Trim_Spec.png,Downtown_15mX15m_01_5storey0_mesh_BuildingNode,manual confirm or create custom Sionna material
Stone_Trim3_Building_6,stone/custom or itu_concrete,medium,stone approximated by concrete,stone/marble/stucco is not an exact provided Sionna preset,3,3,2580,Stone_Trim_Diff.png;Stone_Trim_Norm.png;Stone_Trim_Spec.png,Downtown_15mX30m_01_5storey_Mesh0_BuildingNode;Downtown_15mX30m_01_5storey_Mesh0_BuildingNode.001;Downtown_15mX30m_01_5storey_Mesh0_BuildingNode.002,manual confirm or create custom Sionna material
Stone_Trim3_Building_7,stone/custom or itu_concrete,medium,stone approximated by concrete,stone/marble/stucco is not an exact provided Sionna preset,4,4,408,Stone_Trim_Diff.png;Stone_Trim_Norm.png;Stone_Trim_Spec.png,Downtown_14mX15m_Corner_02_5storey0_BuildingNode;Downtown_14mX15m_Corner_02_5storey0_BuildingNode.001;Downtown_14mX15m_Corner_02_5storey0_BuildingNode.002;Downtown_14mX15m_Corner_02_5storey0_BuildingNode.003,manual confirm or create custom Sionna material
Stone_Trim3_Prop,stone/custom or itu_concrete,medium,stone approximated by concrete,stone/marble/stucco is not an exact provided Sionna preset,1,1,860,Stone_Trim_Diff.png;Stone_Trim_Norm.png;Stone_Trim_Spec.png,Downtown_30mx15m_01_5storey0_PropNode,manual confirm or create custom Sionna material
Stone_Trim4_Building,stone/custom or itu_concrete,medium,stone approximated by concrete,stone/marble/stucco is not an exact provided Sionna preset,3,3,12045,Stone_Trim_Diff.png;Stone_Trim_Norm.png;Stone_Trim_Spec.png,Downtown_30mX30m_OffsetHeights0_mesh1_BuildingNode;Downtown_30mX30m_OffsetHeights0_mesh1_BuildingNode.001;Downtown_30mX30m_OffsetHeights0_mesh1_BuildingNode.002,manual confirm or create custom Sionna material
Stone_Trim4_Building_1,stone/custom or itu_concrete,medium,stone approximated by concrete,stone/marble/stucco is not an exact provided Sionna preset,4,4,8048,Stone_Trim_Diff.png;Stone_Trim_Norm.png;Stone_Trim_Spec.png,Downtown_30mX45m_Corner_5storey_mesh_BuildingNode;Downtown_30mX45m_Corner_5storey_mesh_BuildingNode.001;Downtown_30mX45m_Corner_5storey_mesh_BuildingNode.002;Downtown_30mX45m_Corner_5storey_mesh_BuildingNode.003,manual confirm or create custom Sionna material
Stone_Trim4_Building_2,stone/custom or itu_concrete,medium,stone approximated by concrete,stone/marble/stucco is not an exact provided Sionna preset,2,2,5648,Stone_Trim_Diff.png;Stone_Trim_Norm.png;Stone_Trim_Spec.png,Downtown_30mx30m_Corner_01_5storey0_mesh1_BuildingNode;Downtown_30mx30m_Corner_01_5storey0_mesh1_BuildingNode.001,manual confirm or create custom Sionna material
Stone_Trim4_Building_3,stone/custom or itu_concrete,medium,stone approximated by concrete,stone/marble/stucco is not an exact provided Sionna preset,1,1,384,Stone_Trim_Diff.png;Stone_Trim_Norm.png;Stone_Trim_Spec.png,Downtown_30mX30m_02_5storey0_mesh_BuildingNode,manual confirm or create custom Sionna material
Stone_Trim8_Building,stone/custom or itu_concrete,medium,stone approximated by concrete,stone/marble/stucco is not an exact provided Sionna preset,6,6,7692,Stone_Trim_Diff.png;Stone_Trim_Norm.png;Stone_Trim_Spec.png,Downtown_6mX15m_01_2storey0_mesh1_BuildingNode;Downtown_6mX15m_01_2storey0_mesh1_BuildingNode.001;Downtown_6mX15m_01_2storey0_mesh1_BuildingNode.002;Downtown_6mX15m_01_2storey0_mesh1_BuildingNode.003;Downtown_6mX15m_01_2storey0_mesh1_BuildingNode.004;Downtown_6mX15m_01_2storey0_mesh1_BuildingNode.005,manual confirm or create custom Sionna material
Stone_Trim9_Building,stone/custom or itu_concrete,medium,stone approximated by concrete,stone/marble/stucco is not an exact provided Sionna preset,1,1,150,Stone_Trim_Diff.png;Stone_Trim_Norm.png;Stone_Trim_Spec.png,Downtown_9mX14m_01_1storey_mesh_BuildingNode,manual confirm or create custom Sionna material
Stone_Trim9_Building_1,stone/custom or itu_concrete,medium,stone approximated by concrete,stone/marble/stucco is not an exact provided Sionna preset,12,12,17280,Stone_Trim_Diff.png;Stone_Trim_Norm.png;Stone_Trim_Spec.png,Downtown_8mX15m_01_4storey_0_mesh1_BuildingNode;Downtown_8mX15m_01_4storey_0_mesh1_BuildingNode.001;Downtown_8mX15m_01_4storey_0_mesh1_BuildingNode.002;Downtown_8mX15m_01_4storey_0_mesh1_BuildingNode.003;Downtown_8mX15m_01_4storey_0_mesh1_BuildingNode.004;Downtown_8mX15m_01_4storey_0_mesh1_BuildingNode.005;Downtown_8mX15m_01_4storey_0_mesh1_BuildingNode.006;Downtown_8mX15m_01_4storey_0_mesh1_BuildingNode.007;Downtown_8mX15m_01_4storey_0_mesh1_BuildingNode.008;Downtown_8mX15m_01_4storey_0_mesh1_BuildingNode.009;Downtown_8mX15m_01_4storey_0_mesh1_BuildingNode.010;Downtown_8mX15m_01_4storey_0_mesh1_BuildingNode.011,manual confirm or create custom Sionna material
Stone_Trim9_Building_2,stone/custom or itu_concrete,medium,stone approximated by concrete,stone/marble/stucco is not an exact provided Sionna preset,5,5,7580,Stone_Trim_Diff.png;Stone_Trim_Norm.png;Stone_Trim_Spec.png,Downtown_8mX15m_02_4storey0_mesh_BuildingNode;Downtown_8mX15m_02_4storey0_mesh_BuildingNode.001;Downtown_8mX15m_02_4storey0_mesh_BuildingNode.002;Downtown_8mX15m_02_4storey0_mesh_BuildingNode.003;Downtown_8mX15m_02_4storey0_mesh_BuildingNode.004,manual confirm or create custom Sionna material
Stone_Trim9_Building_3,stone/custom or itu_concrete,medium,stone approximated by concrete,stone/marble/stucco is not an exact provided Sionna preset,6,6,792,Stone_Trim_Diff.png;Stone_Trim_Spec.png,DownTown_6mX15m_02_2storey0_mesh1_BuildingNode;DownTown_6mX15m_02_2storey0_mesh1_BuildingNode.001;DownTown_6mX15m_02_2storey0_mesh1_BuildingNode.002;DownTown_6mX15m_02_2storey0_mesh1_BuildingNode.003;DownTown_6mX15m_02_2storey0_mesh1_BuildingNode.004;DownTown_6mX15m_02_2storey0_mesh1_BuildingNode.005,manual confirm or create custom Sionna material
Stones_Large3_Building,stone/custom or itu_concrete,medium,stone approximated by concrete,stone/marble/stucco is not an exact provided Sionna preset,2,2,432,Stones_Large_Diff.png;Stones_Large_Norm.png;Stones_Large_Spec.png,Downtown_15mX30m_Corner_10storey0_mesh_BuildingNode;Downtown_15mX30m_Corner_10storey0_mesh_BuildingNode.001,manual confirm or create custom Sionna material
Stones_Large7_Building,stone/custom or itu_concrete,medium,stone approximated by concrete,stone/marble/stucco is not an exact provided Sionna preset,3,3,237,Stones_Large_Diff.png;Stones_Large_Norm.png;Stones_Large_Spec.png,Downtown_30mX30m_OffsetHeights0_mesh1_BuildingNode;Downtown_30mX30m_OffsetHeights0_mesh1_BuildingNode.001;Downtown_30mX30m_OffsetHeights0_mesh1_BuildingNode.002,manual confirm or create custom Sionna material
Stones_Large8_Building,stone/custom or itu_concrete,medium,stone approximated by concrete,stone/marble/stucco is not an exact provided Sionna preset,4,4,1072,Stones_Large_Diff.png;Stones_Large_Norm.png;Stones_Large_Spec.png,Downtown_30mX45m_Corner_5storey_mesh_BuildingNode;Downtown_30mX45m_Corner_5storey_mesh_BuildingNode.001;Downtown_30mX45m_Corner_5storey_mesh_BuildingNode.002;Downtown_30mX45m_Corner_5storey_mesh_BuildingNode.003,manual confirm or create custom Sionna material
Stones_Large_Building,stone/custom or itu_concrete,medium,stone approximated by concrete,stone/marble/stucco is not an exact provided Sionna preset,2,2,20,Stones_Large_Diff.png;Stones_Large_Norm.png;Stones_Large_Spec.png,Downtown_20mX30m_Corner_02_3storey0_mesh_BuildingNode;Downtown_20mX30m_Corner_02_3storey0_mesh_BuildingNode.001,manual confirm or create custom Sionna material
Trunk_Foliage,vegetation/custom or itu_wood,high,wood/tree visual material,vegetation material; needs project policy,25,25,38650,EucalyptusTrunk_Diff.png;EucalyptusTrunk_Norm.png;EucalyptusTrunk_Spec.png,Eucalyptus_Med03_Trunk_FoliageNode;Eucalyptus_Med03_Trunk_FoliageNode.001;Eucalyptus_Med03_Trunk_FoliageNode.002;Eucalyptus_Med03_Trunk_FoliageNode.003;Eucalyptus_Med03_Trunk_FoliageNode.004;Eucalyptus_Med03_Trunk_FoliageNode.005;Eucalyptus_Med03_Trunk_FoliageNode.006;Eucalyptus_Med03_Trunk_FoliageNode.007;Eucalyptus_Med03_Trunk_FoliageNode.008;Eucalyptus_Med03_Trunk_FoliageNode.009;Eucalyptus_Med03_Trunk_FoliageNode.010;Eucalyptus_Med03_Trunk_FoliageNode.011;Eucalyptus_Med03_Trunk_FoliageNode.012;Eucalyptus_Med03_Trunk_FoliageNode.013;Eucalyptus_Med03_Trunk_FoliageNode.014;Eucalyptus_Med03_Trunk_FoliageNode.015;Eucalyptus_Med03_Trunk_FoliageNode.016;Eucalyptus_Med03_Trunk_FoliageNode.017;Eucalyptus_Med03_Trunk_FoliageNode.018;Eucalyptus_Med03_Trunk_FoliageNode.019,manual confirm or create custom Sionna material
Trunk_Foliage_1,vegetation/custom or itu_wood,high,wood/tree visual material,vegetation material; needs project policy,82,82,113816,EucalyptusTrunk_Diff.png;EucalyptusTrunk_Norm.png;EucalyptusTrunk_Spec.png,Eucalyptus_Sm04_Trunk_FoliageNode;Eucalyptus_Sm04_Trunk_FoliageNode.001;Eucalyptus_Sm04_Trunk_FoliageNode.002;Eucalyptus_Sm04_Trunk_FoliageNode.003;Eucalyptus_Sm04_Trunk_FoliageNode.004;Eucalyptus_Sm04_Trunk_FoliageNode.005;Eucalyptus_Sm04_Trunk_FoliageNode.006;Eucalyptus_Sm04_Trunk_FoliageNode.007;Eucalyptus_Sm04_Trunk_FoliageNode.008;Eucalyptus_Sm04_Trunk_FoliageNode.009;Eucalyptus_Sm04_Trunk_FoliageNode.010;Eucalyptus_Sm04_Trunk_FoliageNode.011;Eucalyptus_Sm04_Trunk_FoliageNode.012;Eucalyptus_Sm04_Trunk_FoliageNode.013;Eucalyptus_Sm04_Trunk_FoliageNode.014;Eucalyptus_Sm04_Trunk_FoliageNode.015;Eucalyptus_Sm04_Trunk_FoliageNode.016;Eucalyptus_Sm04_Trunk_FoliageNode.017;Eucalyptus_Sm04_Trunk_FoliageNode.018;Eucalyptus_Sm04_Trunk_FoliageNode.019,manual confirm or create custom Sionna material
Trunk_Foliage_2,vegetation/custom or itu_wood,high,wood/tree visual material,vegetation material; needs project policy,73,73,12848,EucalyptusTrunk_Diff.png;EucalyptusTrunk_Norm.png;EucalyptusTrunk_Spec.png,Eucalyptus_Sm01_Trunk_FoliageNode;Eucalyptus_Sm01_Trunk_FoliageNode.001;Eucalyptus_Sm01_Trunk_FoliageNode.002;Eucalyptus_Sm01_Trunk_FoliageNode.003;Eucalyptus_Sm01_Trunk_FoliageNode.004;Eucalyptus_Sm01_Trunk_FoliageNode.005;Eucalyptus_Sm01_Trunk_FoliageNode.006;Eucalyptus_Sm01_Trunk_FoliageNode.007;Eucalyptus_Sm01_Trunk_FoliageNode.008;Eucalyptus_Sm01_Trunk_FoliageNode.009;Eucalyptus_Sm01_Trunk_FoliageNode.010;Eucalyptus_Sm01_Trunk_FoliageNode.011;Eucalyptus_Sm01_Trunk_FoliageNode.012;Eucalyptus_Sm01_Trunk_FoliageNode.013;Eucalyptus_Sm01_Trunk_FoliageNode.014;Eucalyptus_Sm01_Trunk_FoliageNode.015;Eucalyptus_Sm01_Trunk_FoliageNode.016;Eucalyptus_Sm01_Trunk_FoliageNode.017;Eucalyptus_Sm01_Trunk_FoliageNode.018;Eucalyptus_Sm01_Trunk_FoliageNode.019,manual confirm or create custom Sionna material
Trunk_Foliage_3,vegetation/custom or itu_wood,high,wood/tree visual material,vegetation material; needs project policy,1,1,200,CoulterPineBark_Diff.png;CoulterPineBark_Norm.png;CoulterPineBark_Spec.png,CoulPine_Sm01_Trunk_FoliageNode,manual confirm or create custom Sionna material
Trunk_Foliage_4,vegetation/custom or itu_wood,high,wood/tree visual material,vegetation material; needs project policy,2,2,2136,EucalyptusTrunk_Diff.png;EucalyptusTrunk_Norm.png;EucalyptusTrunk_Spec.png,Eucalyptus_Sm03_Trunks_FoliageNode;Eucalyptus_Sm03_Trunks_FoliageNode.001,manual confirm or create custom Sionna material
Trunk_Foliage_5,vegetation/custom or itu_wood,high,wood/tree visual material,vegetation material; needs project policy,3,3,3024,EucalyptusTrunk_Diff.png;EucalyptusTrunk_Norm.png;EucalyptusTrunk_Spec.png,Eucalyptus_Med02_Trunk_FoliageNode;Eucalyptus_Med02_Trunk_FoliageNode.001;Eucalyptus_Med02_Trunk_FoliageNode.002,manual confirm or create custom Sionna material
Trunk_Foliage_6,vegetation/custom or itu_wood,high,wood/tree visual material,vegetation material; needs project policy,1,1,757,CoulterPineBark_Diff.png;CoulterPineBark_Norm.png;CoulterPineBark_Spec.png,CoulPine_Med01_Trunk_FoliageNode,manual confirm or create custom Sionna material
Urban_Mat_FireHydrantProp,itu_concrete,low,unknown material fallback,no direct physical material keyword; needs manual review,9,9,10800,UrbanProps01_Diff.png;UrbanProps01_Norm.png;UrbanProps01_Spec.png,FireHydrant02_FireHydrantPropNode;FireHydrant02_FireHydrantPropNode.001;FireHydrant02_FireHydrantPropNode.002;FireHydrant02_FireHydrantPropNode.003;FireHydrant02_FireHydrantPropNode.004;FireHydrant02_FireHydrantPropNode.005;FireHydrant02_FireHydrantPropNode.006;FireHydrant02_FireHydrantPropNode.007;FireHydrant02_FireHydrantPropNode.008,manual confirm or create custom Sionna material
Urban_Mat_Prop,itu_concrete,low,unknown material fallback,no direct physical material keyword; needs manual review,5,5,1020,UrbanProps01_Diff.png;UrbanProps01_Norm.png;UrbanProps01_Spec.png,Trashcan_Square01_PropNode;Trashcan_Square01_PropNode.001;Trashcan_Square01_PropNode.002;Trashcan_Square01_PropNode.003;Trashcan_Square01_PropNode.004,manual confirm or create custom Sionna material
Urban_Mat_Prop_1,itu_concrete,low,unknown material fallback,no direct physical material keyword; needs manual review,8,8,4704,UrbanProps01_Diff.png;UrbanProps01_Norm.png;UrbanProps01_Spec.png,Trashcan_Cylinder01_PropNode;Trashcan_Cylinder01_PropNode.001;Trashcan_Cylinder01_PropNode.002;Trashcan_Cylinder01_PropNode.003;Trashcan_Cylinder01_PropNode.004;Trashcan_Cylinder01_PropNode.005;Trashcan_Cylinder01_PropNode.006;Trashcan_Cylinder01_PropNode.007,manual confirm or create custom Sionna material
Urban_Mat_Prop_10,itu_concrete,low,unknown material fallback,no direct physical material keyword; needs manual review,1,1,696,UrbanProps01_Diff.png;UrbanProps01_Norm.png;UrbanProps01_Spec.png,Directory02_PropNode,manual confirm or create custom Sionna material
Urban_Mat_Prop_11,itu_concrete,low,unknown material fallback,no direct physical material keyword; needs manual review,1,1,1084,UrbanProps01_Diff.png;UrbanProps01_Norm.png;UrbanProps01_Spec.png,BusStop_Sm01_mesh_PropNode,manual confirm or create custom Sionna material
Urban_Mat_Prop_2,itu_concrete,low,unknown material fallback,no direct physical material keyword; needs manual review,1,1,266,UrbanProps01_Diff.png;UrbanProps01_Norm.png;UrbanProps01_Spec.png,Trashcan_Square02_PropNode,manual confirm or create custom Sionna material
Urban_Mat_Prop_3,itu_concrete,low,unknown material fallback,no direct physical material keyword; needs manual review,1,1,3702,UrbanProps01_Diff.png;UrbanProps01_Norm.png;UrbanProps01_Spec.png,NewspaperStand_Lg01_PropNode,manual confirm or create custom Sionna material
Urban_Mat_Prop_4,itu_concrete,low,unknown material fallback,no direct physical material keyword; needs manual review,2,2,1878,UrbanProps01_Diff.png;UrbanProps01_Norm.png;UrbanProps01_Spec.png,ElectricalBox_Lg01_PropNode;ElectricalBox_Lg01_PropNode.001,manual confirm or create custom Sionna material
Urban_Mat_Prop_5,itu_concrete,low,unknown material fallback,no direct physical material keyword; needs manual review,5,5,480,UrbanProps01_Diff.png;UrbanProps01_Norm.png;UrbanProps01_Spec.png,Table01_PropNode;Table01_PropNode.001;Table01_PropNode.002;Table01_PropNode.003;Table01_PropNode.004,manual confirm or create custom Sionna material
Urban_Mat_Prop_6,itu_concrete,low,unknown material fallback,no direct physical material keyword; needs manual review,6,6,1296,UrbanProps01_Diff.png;UrbanProps01_Norm.png;UrbanProps01_Spec.png,BikeRack_Metal02_PropNode;BikeRack_Metal02_PropNode.001;BikeRack_Metal02_PropNode.002;BikeRack_Metal02_PropNode.003;BikeRack_Metal02_PropNode.004;BikeRack_Metal02_PropNode.005,manual confirm or create custom Sionna material
Urban_Mat_Prop_7,itu_concrete,low,unknown material fallback,no direct physical material keyword; needs manual review,2,2,1180,UrbanProps01_Diff.png;UrbanProps01_Norm.png;UrbanProps01_Spec.png,Umbrella01_PropNode;Umbrella01_PropNode.001,manual confirm or create custom Sionna material
Urban_Mat_Prop_8,itu_concrete,low,unknown material fallback,no direct physical material keyword; needs manual review,6,6,5472,UrbanProps01_Diff.png;UrbanProps01_Norm.png;UrbanProps01_Spec.png,BikeRack_PaintedMetal01_PropNode;BikeRack_PaintedMetal01_PropNode.001;BikeRack_PaintedMetal01_PropNode.002;BikeRack_PaintedMetal01_PropNode.003;BikeRack_PaintedMetal01_PropNode.004;BikeRack_PaintedMetal01_PropNode.005,manual confirm or create custom Sionna material
Urban_Mat_Prop_9,itu_concrete,low,unknown material fallback,no direct physical material keyword; needs manual review,6,6,1200,UrbanProps01_Diff.png;UrbanProps01_Norm.png;UrbanProps01_Spec.png,BikeRack_Metal03_PropNode;BikeRack_Metal03_PropNode.001;BikeRack_Metal03_PropNode.002;BikeRack_Metal03_PropNode.003;BikeRack_Metal03_PropNode.004;BikeRack_Metal03_PropNode.005,manual confirm or create custom Sionna material
